1.943943130846896183e+00,8.178351282294262781e-01
-1.038331827220289716e+00,1.831393502200929779e-01
1.123739893121128208e+00,-1.250455115793033034e+00
-5.713924483016780131e-01,1.980856413079919331e+00
-1.382945129907502402e+00,4.690253226479609516e+00
-2.028867118834144723e+00,4.880060002833264576e+00
1.450370626010917541e-01,6.883990744045200838e-01
2.024746713593709835e+00,2.777858782196848675e-01
-4.178821428088932977e-01,4.535636358188994244e+00
3.573196460621505199e+00,2.142383612632086543e+00
3.555693287203644637e+00,-1.562901563481712275e+00
3.320878733638238378e-01,1.693730132237414754e+00
2.994299601272589761e+00,2.445923452060004166e+00
5.712836270358735424e-01,3.678509195955514510e+00
3.211036025025901797e+00,2.391102158209621020e+00
4.008824290846914273e+00,4.166883090039952275e-01
1.541457900900251032e-01,-2.206561727425825348e-01
-1.441120181322213534e-01,-3.819859491357674663e+00
3.965535335610916867e+00,8.567789662679703433e-02
4.410111032976204992e-01,4.800291326917816903e+00
-5.704877151274747593e-01,-3.809113468938833513e+00
-9.790480117676229055e-01,8.578233086686590236e-02
-9.935124452271033579e-01,-1.225762949620406300e-01
4.126523111542139410e-02,1.999393923504910520e+00
5.122565513699719464e-01,-3.039338482081753501e+00
-1.518508170990859441e+00,-3.013361643588469807e+00
-9.095430169641113283e-01,-1.121973840000282774e+00
6.729276933298469210e-01,2.285060741222378233e+00
-3.841379700074172732e+00,2.501504737168586789e+00
1.817360076112433331e+00,-1.053633800768521311e+00
2.836762115783836302e-01,-1.710932577320298797e+00
1.889708534476506552e+00,-6.833589494078251558e-02
2.920135037774134953e-02,1.317004760688933462e-01
2.206478025579400315e-02,-1.215440933103644428e+00
1.872780212556571344e+00,3.992607446425154194e+00
1.980769802211646224e+00,1.887103689591033695e-01
-2.002193522750295163e+00,-2.260346400896926511e+00
-2.775969323163397284e+00,-1.435127551835833515e+00
-8.293631640609269717e-02,3.432925141103434497e-01
8.045181297832443290e-01,2.629906322858728718e+00
-7.176084414988291860e-01,7.079252096536565730e-01
1.673734873281881586e-01,1.829274003089447764e-01
1.489567289924951909e+00,-3.735489615511036199e+00
-7.176854142857568286e-01,9.653564889133675608e-01
-1.042394201593466185e+00,-6.231064058956872209e-01
-7.192383008744277495e-01,-3.600495609465762525e-01
-2.796867911990071676e+00,-1.141829258708441319e+00
7.859927976793109616e-01,-3.414462703581139014e+00
1.749562746709340810e-01,8.170097408530820893e-01
-1.689526985773253942e-01,-3.276345374098792895e+00
-4.629185435058253084e+00,9.188249781020644269e-01
-2.310133792045804046e+00,-1.611731180138625596e+00
2.261764096542748792e+00,-2.484396409834971564e+00
3.135972923710565130e+00,-2.122980725153713610e+00
-3.032127603188132167e-02,6.860485926788553179e-01
-9.550102948352048315e-01,-1.080078968267668138e+00
-3.775622056121202608e+00,2.820738716631093101e+00
-8.414762694486499495e-01,-8.144761683504082583e-01
1.965812563734707696e+00,3.351561691913728103e-01
-4.971527389497225613e+00,-3.489551971987497891e-01
-1.012994422853391585e+00,-8.405585799126635838e-01
-2.710899522792778349e+00,3.571811962085695402e+00
-1.986257670411266218e+00,1.737237048407034523e+00
7.287361845256994097e-02,4.394765133765164755e+00
6.680641243123369710e-01,1.890084417765411251e+00
-1.032807380175879031e+00,-6.094340399307285328e-01
-2.749704217503252224e+00,-1.127337800382892885e+00
1.035966179646961166e-01,-7.562718239510779483e-02
1.063826661276794594e+00,-1.750222453463673222e+00
-2.496903921856845177e+00,3.999546454307288279e+00
3.575345854949665281e+00,2.151597121845785665e+00
9.293322122273929391e-04,2.816833247483783609e+00
1.236589644760313078e+00,-1.106051410310302519e+00
5.592539373414953108e-01,-3.635153575336249610e+00
1.053082455413257013e-01,1.199756026266208531e-01
-5.964060129810790922e-01,4.502285821515729758e+00
1.809408022605378363e+00,-3.379253972584696619e+00
-1.007086999873716637e+00,4.312328266828706624e+00
-2.498501704862171824e+00,-1.884606472486879625e+00
-6.968064783689371933e-02,2.182641823176656004e+00
1.865303245440581348e+00,-2.753586918495066205e-01
4.012341364039802016e+00,5.360307492281075614e-01
1.651702621234140689e-01,1.165881338413820439e-01
1.216881465529999540e+00,3.918133002540407528e+00
-1.495573180600984653e+00,-3.099042730019991421e+00
3.844842043600278814e+00,-4.845293176430015558e-01
1.255946164632954609e+00,1.707098938916579822e+00
-6.069804004032646194e-01,-9.030082743129336231e-02
6.432205835315502052e-01,-1.529276277921398419e+00
1.971166322774287050e+00,6.384099173022119711e-01
-9.148087905039971046e-01,2.527646037979420335e+00
1.943285740472628476e+00,6.585651504238437814e-01
5.619326813256029368e-02,-3.620112998707359364e-01
2.704319700262665993e+00,-2.704965877170283139e+00
1.946531724395687446e+00,-1.136537104419642619e-01
-2.360829045576617047e-01,-6.318378067685168631e-01
2.669185830772139223e+00,-2.931297578131168979e+00
-1.164221488970343277e+00,2.184816281420713491e+00
-8.916651534860977613e-01,-3.135757166073223967e+00
-3.011345149062845561e+00,-1.191660500187903260e-01
-2.956473902279087795e+00,4.696132053541171025e-01
3.393040282623684067e+00,-1.513949039673120334e+00
-2.941603216774389296e+00,4.435677393652890377e-01
1.372142636781519043e+00,-1.839591301641864129e-01
1.998522870868312484e+00,3.159924761463612231e-01
4.778446373392192248e-02,3.028495094759188211e-01
-2.361492112256839082e+00,2.367839763944032949e+00
6.572466872911780777e-02,8.127919586280296649e-01
-1.861046203384520981e+00,2.062320381614917597e+00
2.083925510718495744e+00,-2.860678164247800304e+00
-6.928364428986759638e-01,-1.279240258828262977e+00
4.149981223836990418e-02,4.418202680463992338e-01
-1.351597491305317700e+00,2.767697982559772285e+00
6.618366243970615903e-01,-3.607517139953515528e+00
-1.044936172194119495e+00,-2.293076857069249741e-01
-1.857211902098284684e-01,4.025503208186144377e+00
3.519382209569072550e+00,2.104080915414940911e+00
3.573724195383529700e+00,-1.054279341960494776e+00
-2.604658475205223755e+00,-1.661438204831417575e+00
8.199854777380551074e-02,-4.197096328633821427e-01
2.492682982678871006e+00,3.638365962801266562e+00
2.021870396560669025e+00,2.429565369389701801e-01
5.295584323096136359e-01,-1.366224824548438743e+00
-8.684965304644124418e-01,5.175162297896673813e+00
-7.387787888321474261e-01,-1.089542565447867428e-01
-2.673970436889652635e+00,5.717127529856511625e-01
2.024621465271128962e+00,2.788349660605219382e-01
-4.948266743201502393e+00,1.564328723258180398e-01
-4.999243159181927965e+00,1.742455287874834780e-01
2.205279427561538871e-02,1.361015254453446233e-01
-3.986287899424249659e+00,2.665438154320735720e+00
3.753479127047360642e+00,2.055984137256769984e+00
5.937385778293630123e-02,-4.171944669481049695e-01
3.561989464040588582e-01,-9.494722430037157990e-01
-1.016681572520867105e+00,2.053989711904695981e-01
-5.111847021705397953e-01,-1.820664682413596136e+00
3.981509326573282159e+00,1.112707648417601280e+00
-1.315912586693782416e+00,-3.017347538519361994e+00
1.711959007080150197e-01,4.743040127586682919e-01
2.176224753539246232e-03,-1.974368534879872294e-01
-1.046536682056188550e+00,-3.414913962812379244e-01
-5.074528301804197561e-01,4.891885835226025270e-01
-2.999618299424232859e+00,2.731985620994938357e-01
-2.653972779983811314e+00,-1.710106869279682806e+00
7.712671769688321521e-02,-2.538146652681539939e-01
-2.923272782274358050e+00,-4.822308696630532854e-01
-7.033855773148215418e-01,-1.074496760867288181e+00
-2.259214094710886300e+00,3.890673133500449854e+00
-1.040826080720994584e+00,-2.791873998354630348e-01
1.658078562296238789e-01,-7.900310792445297547e-02
3.777745853585706026e+00,-1.050747489135022361e+00
5.118073691546469739e-01,-1.446566030513532608e+00
-2.045732545830605709e+00,-3.128772654594460967e+00
-9.549254216797223860e-01,-7.565011146761654315e-01
-1.195680522477452268e+00,-2.972705233312078477e+00
8.241913352052329111e-01,-3.895060501643955231e+00
-1.204340494736302336e+00,2.254839090316056005e+00
1.666214519205250488e-01,7.695451086894153914e-01
1.899724112510444263e+00,-3.954422517738893084e-01
-2.988325991602197806e+00,-1.298851864868583839e+00
1.833085458589439165e+00,1.412085053601488838e+00
2.278116705427659650e+00,2.754920791414066983e+00
-2.886052604733154947e+00,-1.472103720322284648e+00
8.451635098475962504e-01,-3.997886095754795921e+00
-3.368587991868361442e-01,9.138667319358656504e-02
1.871455106016580938e+00,1.001878530632672737e+00
-4.055530572578422976e+00,2.956475452724583342e+00
1.241170963479625022e-01,-2.620968032036783413e-01
8.966911973759384979e-01,-1.656709749229900996e+00
1.755791105882321956e-01,2.236874657169591329e-01
2.844904424655274600e+00,-2.509847427546480603e+00
-1.438729690236648651e+00,2.513049119978492563e+00
8.514690325067941767e-01,4.950759149089444477e+00
1.768076908034320049e-01,5.359078188369883478e-01
2.995894915283225490e+00,2.385616772434429045e+00
3.964573229306492252e-01,3.662733396283191833e+00
2.309091607503538590e+00,-2.828780072952643110e+00
-6.911631245776375110e-01,7.099466866334487314e-01
-2.996411484877798070e+00,-6.423400615363302757e-01
2.881293703487015634e+00,2.515912466580316309e+00
3.121501982572099543e+00,1.928093146974575234e+00
9.347677804516568711e-02,5.496509235258840720e-01
2.022648446901607500e+00,7.149147229790903113e-01
-2.628839665637079381e+00,-1.299912488202040306e+00
4.006553713909497993e+00,2.946880297843698648e-01
-4.380875609540338944e-01,7.328597730355213002e-01
-3.045903658270803671e+00,3.493773897382882243e+00
3.993215772644175043e+00,-3.267707612039059129e-01
-1.657479294199869724e+00,3.897804684380521412e+00
-2.629819979589205492e-02,-3.721595240697014972e+00
3.786025106252120409e+00,-2.649029494130257234e-01
-5.025427929347495160e-02,5.842197568728069168e-01
9.025832337872333744e-01,3.982126289322694301e+00
-1.028873595055718404e+00,4.351372326098234211e+00
-1.669544425471141347e+00,-2.735903838931441623e+00
1.881725048299189851e+00,-2.750157679218784290e-01
3.943194673728659616e+00,-5.692581528829387949e-01
1.717439005241917227e-01,2.700576239869059703e-02
1.038127460127696411e+00,2.372042044223560353e+00
-1.513211817569926509e+00,4.241216018816134969e+00
-3.009582000629003051e+00,-7.554728422249711028e-02
-4.317725496996659196e+00,2.371896326001350808e+00
-5.934813222110675301e-01,-3.902565538695679237e-02
1.405295086939036264e-01,-2.772078803975025485e-02
2.291518355150240716e+00,-2.814695004108063614e+00
1.808119317145590266e+00,-7.395071348742418005e-01
-2.381937895700058164e-02,-3.945830175606080958e-01
1.739721693490282883e-01,2.020447655850326762e-01
-4.988951146750163268e+00,4.743235293167425426e-01
-3.861289588150552454e+00,2.665868044764082345e+00
2.619481186922210658e-01,-1.143719639812116551e+00
1.898914006700386459e+00,-9.069184780652715938e-01
2.546420061334427221e+00,3.833238044966758906e+00
7.462185550891296815e-02,5.262962968927886731e-01
7.020887630096928067e-02,1.981602666714887828e-01
1.531320151836090548e-01,2.441333562640213284e-01
-2.670850087753025015e+00,9.831924326604650766e-01
1.159991240864597151e+00,-9.903545046157493648e-01
1.888172469885874172e+00,7.930039361096501427e-01
-4.282936369411441291e+00,2.589054599823481517e+00
1.147812618426613529e+00,-1.553818542272264125e+00
1.349616956705126825e+00,-1.593019910045716303e+00
-7.738977116717328519e-02,2.799485706949330632e-01
-7.248127223820211018e-01,3.458096628214917256e-01
-2.456797672546118694e+00,1.149699974097436517e+00
-1.835962786251742251e+00,4.635436726702834243e+00
3.459262742007757740e+00,-2.224280510144114320e+00
-5.645921197608232411e-01,-4.184450543021505986e+00
1.539895000738494280e-01,2.148994849052148493e-01
1.010983849902234555e+00,2.114413351953310816e+00
3.286504036571100684e-01,-2.751644553066575405e+00
-4.517207661696650334e+00,1.459886260972044214e+00
-2.440768807466621393e+00,-1.754458953823782252e+00
-1.993496786716464131e+00,3.987800872808044073e+00
3.737738307233795521e+00,-2.529384357512751702e-01
1.176098000173477764e+00,4.610090463459555643e+00
-1.005914170001562136e+00,-8.307631149598948550e-02
-1.786034645363488105e+00,1.970261986151280009e+00
-9.809975428196572311e-01,-1.509964683847905942e+00
-9.602207335367752838e-01,-8.943548696796070896e-01
-1.040295463104468965e+00,-4.851157145850876207e-01
-4.339200689777385378e+00,3.123224827041064522e+00
3.539235030026612883e+00,-1.953967222186058672e+00
-4.418198240770598417e+00,1.336459546738625992e+00
2.810227302338466071e+00,3.018217390766205543e+00
-1.043246004153068451e+00,2.374158717813135699e-01
9.167406826593411939e-02,1.354337368427647181e+00
2.024739243577594383e+00,1.049415094101628920e+00
1.265975123291589899e+00,-2.536993078746013985e+00
2.751048577275200913e+00,3.825344035452014069e+00
1.646518792681934407e-01,8.284411452017559352e-02
-2.770106317399203100e+00,1.315295185298653191e+00
-2.199826407391903604e+00,1.455381255475976854e+00
-8.159360317724826395e-01,2.572685829842504823e+00
2.023032774848330995e+00,2.284446685091582885e-01
-9.037398191698393646e-01,-3.361263147845355626e+00
-5.022539039957995000e-01,2.535910931715897321e-01
1.168217030476274454e+00,-1.509926932753059337e+00
1.765801743923705480e+00,-5.794427668814021715e-01
-1.327343735097757271e+00,2.757411098894809065e+00
-1.676449009394778367e+00,-2.507180450728424326e+00
-4.167945444629882701e+00,2.921731467202637766e+00
1.079418185996262602e+00,-1.288077770790690302e+00
2.262240815756762835e+00,4.247137341139795907e+00
-2.143658762901688331e+00,1.757847281815619001e+00
-2.967851216438439632e+00,1.207584374031766661e+00
3.167187610450236779e+00,2.511232242466625575e+00
-5.367258825045932991e-01,6.507205153329008729e-01
1.754754944181347032e+00,-2.456256050032399774e+00
2.666350108906932803e+00,3.240757553412543235e+00
3.963065127667135812e+00,2.034352220100016151e+00
9.607689026848453828e-02,-7.171976541049043807e-02
1.289304436514430441e-01,2.385697657550077955e-01
-1.682380401728556518e-01,2.447199724864213000e+00
2.012956385689682381e+00,3.996357493221172064e+00
1.017331722189593335e-01,3.562338117401336324e-01
-9.596667541864156714e-01,-9.276975529776670948e-01
9.533590860728224925e-01,-1.445850276062324191e+00
-8.729399863332331089e-01,4.390183714135345916e+00
1.451659350854293429e+00,1.515714297706029612e+00
-2.339009294987860754e-01,-4.240582002366827474e+00
2.567605232500513868e+00,-2.192530195004656957e+00
-1.005411197311003452e-01,-6.262350522598680858e-02
1.778049046166743363e-01,4.948243106218028209e-02
1.413601171889902863e+00,1.829807603819194384e+00
-3.546422382718213973e-01,1.267354054251335072e+00
-4.639784820185929360e-04,2.446044864294192767e+00
9.715185686406237198e-02,4.771078144855029457e+00
-1.173633645191015651e+00,2.903193925424999655e+00
1.734018211618618910e+00,1.521453260995433432e+00
-2.227132202797038829e+00,-1.937676245619884163e+00
9.251622715413254650e-02,-1.162733445435553126e+00
3.342437364489466933e+00,3.114072565856724761e+00
-3.169282542333927144e-01,4.265508559212698447e-01
2.282964305347858769e+00,-2.542178878636378592e+00
-6.534872893646730407e-01,-1.720791032670527798e+00
-4.411876329898715809e+00,1.981716012029836049e+00
9.337937440278686330e-01,2.446404672216217602e+00
4.012260256289622795e+00,4.099847227353262680e-01
1.426252932633344850e+00,-3.121548688507577385e+00
3.804843615449690297e+00,1.955601564578857143e+00
2.433721354950143301e+00,3.394675835068083458e+00
2.000030491156870038e+00,-2.381818507406781860e-01
-2.625899844535410033e+00,1.035270517977734173e+00
1.270445517075678432e-01,-1.957565196035376598e+00
-6.046756284505362400e-01,9.665516538399638868e-01
-2.344953945088708913e+00,4.254241215975484991e+00
-8.833212039462396969e-01,6.364101518942990587e-01
-3.002067743282132106e+00,2.560315403489605846e-01
3.330516239948952406e-02,-1.675668934932028176e+00
-5.349918977083191196e-01,5.030640638685885957e-01
1.737366867211699306e+00,-2.420392916527187577e-01
-5.937111923061267893e-01,4.214339537348846143e+00
1.067053205544468558e-01,2.427186006080522818e-02
-8.930093931507607774e-01,2.648546191113668957e+00
1.528262914896389546e+00,-6.253577796528395627e-01
-8.293164595487051427e-01,-1.166531907993011652e+00
-4.896238378770702226e+00,4.706284883133929897e-01
9.104455901516043115e-01,-1.691522852017403489e+00
1.766432389057371044e-01,-2.023448816160570818e+00
3.912544606782400347e+00,-2.085992887400717199e-01
1.750389958440976279e-01,9.915038467672619982e-01
-1.042853975106029729e+00,4.445583832762348142e-01
2.043256918332850836e-01,2.614184314821350164e+00
3.975452274125100272e-01,4.559559927455051564e+00
2.336674528683352570e+00,3.800650844509720017e+00
-1.189095191715987265e-01,7.003679125072663769e-01
1.612609588623987955e+00,-3.214674665247284402e+00
2.651987787682445141e+00,3.134937038002634235e+00
-1.297216475532718127e-01,-3.631632209863898897e+00
3.834979652329973954e-01,-1.058426554968347588e+00
1.632157422641843103e-01,-1.465797039141591429e-01
-8.990324829753608693e-01,2.977818201384686780e+00
-3.013062919638186621e+00,-2.102914037345163245e-02
-1.045096591504502070e+00,-2.399492923538172617e-01
3.530094803738258458e-01,-3.085139893161089386e+00
1.799064596732750765e+00,-1.033764208919203176e+00
7.904605393411053837e-01,-2.012858360510913158e+00
2.920520194077601328e+00,-2.161824721278529093e+00
-2.433562872670090194e+00,-1.705849555558757835e+00
1.041199867080636388e+00,2.249719754418629147e+00
-2.078887135409381415e+00,1.769250052054291089e+00
1.488216179460244426e-01,2.935816444977068507e-01
-1.282436241327750803e+00,-3.013650131087245665e+00
-5.850792344315313143e-01,-3.528248955578610957e+00
1.940980192259728621e-01,-2.195229165742812683e+00
4.003071281683480365e+00,7.785359929411996838e-01
2.845307988642590269e-01,2.476763328782687346e+00
-3.073443126579206153e-01,-8.513443569703849079e-03
1.752658123362612175e+00,1.063594853010030317e-02
-9.722448814580091359e-01,2.685637725381429530e-01
-3.198521663907347712e-01,2.216846539240528102e+00
1.373595502457614637e-01,1.019800706844609328e+00
-4.382644200480064534e+00,2.712413849970229940e+00
-6.055315850672785549e-01,-1.121313534857783178e+00
-4.643682283563811963e-01,-3.287072791042935815e+00
5.840518899488936766e-01,1.695556280294082008e+00
1.664399687111066395e-01,1.950595900155800699e-02
-2.989542834351968548e+00,-4.752543862777469097e-01
-1.732203785664688800e-01,-1.050584483116049572e+00
-9.229311075506717588e-01,1.538370364830543013e-01
-7.557641556361972546e-01,-1.031969628156209406e+00
2.464602668772731153e+00,-2.671281749972568953e+00
3.188799642784974520e+00,-1.172975145949890052e+00
-3.999659968754782358e-01,4.297708722216915689e+00
-1.938987034105973395e+00,-2.944675410329580245e+00
-4.374179711154370764e+00,2.225539717469465106e+00
-1.038120621228340923e+00,9.883118137839486117e-02
-6.696969968794043160e-01,4.776507887846017653e+00
-2.303713950778371711e+00,1.176420709245671326e+00
1.869489433547487200e+00,3.402499565954255623e+00
1.811828733198387775e+00,1.004507790975119885e+00
-4.329142382879992423e-01,1.046225113782178084e+00
2.934974246130509987e-02,4.836781878770816112e-01
2.305328743025992222e-01,-1.341446574680540849e+00
-3.014717203573426652e+00,-6.866232471838288332e-01
-2.376078106524222910e+00,4.556157680815315913e+00
1.774284357305132009e-01,2.836189859080712194e-01
-2.662421265386238467e+00,1.397701190278636929e+00
3.773697675049941802e-02,6.106760918766815927e-01
1.862751685866304685e+00,-1.082438460781269263e-01
-2.822055249770475172e+00,8.386004288721849997e-01
-9.779109675981393357e-01,-2.559693162120299181e+00
3.532377204240108259e+00,1.788708693816970285e+00
-2.353542446896987883e-01,-7.856724239901118345e-01
3.479809443204537001e+00,-1.992410869253769423e+00
-2.756171495556363205e+00,5.382811373490080653e-01
2.022164087532926757e+00,1.643895357895941989e-01
3.977475392396216058e+00,5.052364818331420704e-01
-1.029065189313138173e+00,-4.417209164231244989e-01
8.188013696549382991e-02,-4.674832533049145811e-01
-4.757287391251129871e-01,3.057113438087606383e-01
-1.498488911473576379e-01,3.721286006539872293e-01
-9.664008746938902439e-01,-2.796970936127095575e-01
-6.934280037251463469e-01,2.260411514215022510e+00
1.709093564409250032e-01,-1.702744973073193613e+00
-5.038274036619090346e-01,-2.089271054816314699e+00
1.613513054833422833e-01,1.068951213190459937e+00
-2.411880291116435426e+00,3.709083919121016315e+00
1.864041321992594202e+00,-3.246664893964735787e-01
6.946974309647109547e-02,1.180394321580149120e+00
-2.862663344021486811e+00,-1.450426481348869867e+00
-3.012953171779469752e+00,6.043455329803363307e-01
-1.981524291084898026e+00,1.983655511501428714e+00
-2.890384530618544279e+00,1.461192497347599151e+00
-3.014974865289072437e+00,-6.937207542658494486e-01
5.698973159238500397e-02,-5.640071554187526398e-02
-6.176776765112946821e-01,3.200657740558606190e-01
-4.037066303876652995e+00,2.473287698540704849e+00
-2.533783858824488089e+00,1.806320946728881438e+00
-1.043832170943627347e+00,2.015337019575772715e+00
2.177057412428390126e+00,-2.707529388124730652e+00
-6.396972295654785867e-01,3.184760730252995664e-01
1.160189536303981167e-01,-3.287623784807618132e-03
-1.924653327138414305e+00,1.790950133339654693e+00
3.908051328870469021e+00,-3.901966715430129629e-01
-2.530596792397490358e+00,-1.925758152524368771e+00
4.003684213954624482e+00,4.231035399861654001e-01
-1.961418174365978373e-01,9.252324325273280081e-01
-2.367023830857271527e+00,1.938486610186225700e+00
-2.738191336875183346e+00,5.648049491887738860e-01
8.592876607042130299e-01,1.980833489974932915e+00
8.568641095503403138e-01,1.028593160264053230e+00
-2.986694673397098931e+00,-2.874228289640023970e-01
1.107882625502684348e+00,1.619074167359516370e+00
-4.314212467766188885e-02,-1.849664477685042607e+00
1.594230057896046104e-01,2.775028472301323546e-01
6.792394060363265984e-02,3.199874425333059658e-01
-5.310088008098869938e-01,-3.141359416049029463e+00
1.053645625611871584e+00,-3.642715038959186025e+00
-9.973293594785882787e-02,4.144747672243593861e+00
-1.943329870284535854e+00,3.619296267114076926e+00
3.980019537741122715e+00,4.510951891143161196e-01
-1.213397446143137604e+00,-2.899038089841261545e+00
2.000429447001610850e+00,1.009340287535846814e+00
1.256500985771347167e+00,4.325977873482086622e+00
-2.170396914101723862e+00,4.843848382384429385e+00
1.659496048772996168e+00,-2.980397710784318033e+00
-1.242322828578412031e+00,4.725908069304040282e+00
-9.639595414266656226e-01,-1.085591520587037007e-02
5.695912429638382291e-01,-1.267104225519368077e+00
9.091941541020448492e-01,2.324073617509521572e+00
1.922842005081925709e+00,-2.809420614506238367e-01
5.127136443203830218e-01,-1.614034470354253958e+00
3.674060793163716809e+00,1.159136065915998604e+00
-5.462176272035063063e-02,6.755232484610653731e-01
1.381145202777692260e+00,-3.195994167403513053e+00
-4.212058513719706965e-01,5.940351191105234241e-01
2.853961739672230102e+00,3.965920165387901708e+00
1.997701552419508808e-01,-2.151969175267515411e+00
-2.092641755008511073e-01,-1.296303722336087150e+00
-7.232194843896523340e-01,-1.567377315023122053e+00
2.009352673376118670e+00,3.601758667063101327e-01
1.071294080988082903e-01,-6.134823778166682562e-01
-8.519833758201962315e-01,5.920186993688474342e-01
4.584543143150352634e-02,1.420701719203958102e-01
1.173608690899697660e+00,2.138027949494649693e+00
-2.335852557778480831e-01,-8.670661685139694486e-01
-1.045572947341320669e+00,1.228876919546043056e-01
8.761562789347636659e-01,-1.492448071835565049e+00
-1.947230712187605906e-01,2.816664027667201253e+00
1.358331192898176942e+00,-4.226275728146123178e+00
1.507691660274754986e+00,1.981247229152852452e+00
-1.925894766520376555e-01,2.282082390501294911e-01
-1.045283193676755040e+00,2.683277648282542671e-01
3.742284565528453122e+00,1.302761043826705434e+00
-2.493265833066592219e+00,-1.725406280317848262e+00
1.564761343130745275e-01,-1.692890001303729575e-01
-1.758721811867098417e+00,-3.284869495601840494e+00
-9.311299459145880864e-01,2.631449957556757813e+00
1.700872020345068014e+00,-1.043365204869114882e+00
-2.922227640921756020e+00,-6.032124591543182035e-01
-1.041806446444361489e+00,-7.452706047941659584e-02
4.008071041156937575e+00,1.941472362366145066e-01
-9.405728319012357508e-01,-9.959551173951592951e-01
-4.955564205782625464e+00,6.079301074588991938e-01
-2.615447664722829746e-01,1.385901696579606490e+00
7.329139687041261730e-01,2.754413063456168320e+00
-2.890892669242196789e+00,-1.830312387592854417e+00
6.598632610943987453e-01,1.872404450396724318e+00
6.853212763854791278e-01,-3.681281809358814883e+00
1.562659846609526948e+00,4.303775812204603035e+00
1.184058679630873634e+00,4.120548060647823974e+00
2.110120148471379339e-02,6.630235031435521842e-02
-2.791835484452704907e+00,-1.894055257780815626e+00
7.912656762386352516e-02,2.975200541986816383e+00
-2.764680785680105224e+00,3.694757092222834327e+00
1.956496027798232618e+00,8.371900615968260739e-01
7.887040038405367381e-01,-1.184665381218247049e+00
-4.808727028919057567e+00,1.505822217434071630e+00
-3.018770257845064808e+00,3.506572081738741353e+00
-9.592436533161080581e-01,-4.408834867590666340e-01
-1.944912397021097972e+00,1.953560029510042151e+00
1.346784008334039218e+00,-6.679290402981858943e-01
-3.011419950586776917e+00,-7.555394092348937107e-01
1.999127665177255819e+00,-7.189157898998849161e-01
1.085816626583893801e-01,5.565301675988830743e-01
-1.273031958841553124e-01,-1.070853158824593088e+00
1.873168473136601841e+00,1.308315239298825539e+00
-1.639884404081227640e-02,-3.639119189184282899e+00
-1.479027457980587990e+00,-2.964326734312503486e+00
2.829583476085093086e+00,3.222401265633840328e+00
-3.789136675186725034e-01,6.422818564560943688e-01
-4.566113597635396815e+00,1.653414927222964348e+00
-2.917002260566889937e+00,5.474006911009616783e-01
9.717513826758308326e-01,-4.010221613425754228e+00
-2.715051401881206417e+00,-2.336113807063146197e+00
-6.278982815397514683e-01,-3.566392447409096889e-01
5.624079007571475275e-01,2.582620207853755456e+00
-7.216002343897732763e-01,-3.293322276583683372e-01
1.072089889930287476e-01,2.976252199817098765e-01
-1.045770490752729653e+00,-1.968921058718441364e-01
1.281841690666711553e-01,2.751380850548426626e-01
1.398971363153181491e+00,-1.336035367829049303e+00
-6.880494866194486470e-01,3.111581923686205897e+00
-9.202061083098006522e-02,2.074765649905167209e+00
3.323869404908736058e+00,-1.244061833193189415e+00
-9.301741168370045720e-01,2.979963715547754965e+00
-4.808888367102976957e+00,2.176515611729429311e-01
1.914925671175396138e+00,-1.780535892929138442e-01
-1.321237548632325787e+00,-2.717663953736107807e+00
-2.917263295370573939e+00,-7.892161288937225017e-01
6.764975100543015873e-01,-1.424435862238803363e+00
5.584718662496690467e-02,5.114200411302047833e-01
-2.445328878693521446e+00,9.035437163532934468e-01
8.306050546095850029e-01,-6.986785903726423497e-01
3.951062435645985360e+00,2.912565739485530880e-01
4.024771202252191427e-01,4.576806391334281798e+00
1.403710405972544983e-01,4.349971456813783166e-01
1.721465733492473005e+00,9.350425516884617316e-01
1.089246008132948695e+00,1.891499229659394210e+00
3.846903614728482079e+00,1.344691630944984784e+00
-4.964758930008930093e+00,-5.336318518764299190e-02
1.638189740190807209e+00,1.372142431137628904e+00
-3.010072834012845533e+00,5.375774875325932678e-01
-8.958478661055807590e-02,2.509458825224442635e-01
-2.338002953955311103e+00,-2.738582889760806438e+00
-5.171056522782540021e-01,5.479433967959536078e-01
-4.585978469434055960e+00,1.932900381746790686e+00
-1.035955076272164543e+00,-2.969371374512122852e+00
-3.769309627371038030e-01,1.315663882770506721e+00
6.546176743277689614e-01,2.925700199024504400e+00
-7.964714605118698998e-01,7.949982667034165562e-01
-1.729899348700318640e-01,2.509063822458132531e+00
1.977046583983536943e+00,-7.705335542857338904e-02
2.024734725364468968e+00,-3.866686907674166118e-02
1.102052971022675631e+00,2.226353665547041061e+00
1.375333333649421917e-02,5.560548820747131249e-02
-2.497820501764173584e-01,8.203028964501128950e-01
3.962039677834938156e-01,-3.570620418528823059e+00
-4.803935813968892576e-01,-1.367358826155840479e+00
-3.110344848258829176e-01,3.664749451232261479e-01
3.072061924307502245e+00,3.257696371294403370e+00
-1.044349997505068739e+00,-6.729236915858082257e-01
2.018947343624624580e+00,5.351982557864176648e-01
-3.647482990087537735e-01,1.612053121698767022e+00
-3.151857703136837774e-01,1.983359848537626369e-01
1.971995103632079083e+00,9.088293541757067606e-01
-1.010537271053670860e+00,-1.222184105806225912e-01
-1.930652850075051274e+00,-3.009476750409014745e+00
1.666029993270589649e-01,-3.346086004887338650e-03
2.018261460252015027e+00,5.874845283131790996e-01
-5.565395523421934332e-01,1.750524898087357784e-01
-1.039107744586637683e+00,-7.213963793842413930e-01
1.216885571201171690e-01,-3.875458313218185236e-01
2.382444696700975584e+00,-2.841568567039971516e+00
1.755052208644656497e+00,-4.483641776609328389e-01
-7.442950259491178944e-01,1.006181421439370283e+00
-4.587935800408568632e+00,2.194887020380122511e+00
-2.564851640127929766e+00,1.603283114560359879e+00
2.007285611002923353e+00,4.077825971794063475e-01
6.921939552196973988e-01,-1.386947382965326048e+00
1.712370215359631187e+00,-5.854436396405845455e-01
1.501921824090890478e+00,1.329570862805997677e+00
-1.076849643619165020e+00,2.701771530253024522e+00
-4.341720395488892215e-01,6.130127373893745624e-01
-2.827905845539586238e+00,-1.146910740532149475e+00
-2.514711080288990708e+00,4.164959221803286482e+00
1.625890568262532421e+00,-9.585854034451730676e-01
-1.889204194320337260e+00,4.674474605049277365e+00
1.587004716283021422e+00,-1.022442772374860809e+00
1.705132143599073391e+00,1.519594615090807288e+00
-3.201466358881972507e+00,3.081626654633416784e+00
-7.541196766385676042e-01,-2.628000909304664123e+00
-5.645747224214449078e-01,-5.071375587245247063e-01
-9.744589349480028972e-02,1.139095408465835346e+00
-2.460894276072638220e+00,6.665212950384397095e-01
-4.987268130147795020e+00,8.066789257435059701e-01
-5.989020408320313571e-01,9.545751861367109958e-01
1.608609861945824449e-01,3.465287277735102922e-01
1.760397329737553029e+00,9.172070444386475341e-01
2.020115244082458350e+00,5.545025210731104881e-01
-3.777334763474705426e+00,2.686320720505525728e+00
-1.114764552977667300e+00,-2.763098783366257916e+00
1.295720430712813398e+00,-4.082030411175996854e+00
3.259301082805312166e+00,-1.670847038417794472e+00
1.340594013801860163e+00,-1.119099592186294068e+00
1.504892251899825784e+00,1.958864356044201172e+00
-3.868834522001384446e+00,3.217173755575239991e+00
-2.655657260199965286e+00,1.644669621212151878e+00
3.372540484224030966e+00,2.395761552519017012e+00
-1.258730465773375329e+00,4.699937589329953980e+00
3.419057256515741106e+00,2.852416980206137875e+00
7.093551920714610270e-01,4.377017861591775194e+00
-2.921024569920560587e+00,-6.857122499368411006e-01
-4.959034752328353446e-01,2.727451739791980412e+00
-2.788055131791862706e+00,-1.296480830047016530e+00
-7.010456513981041526e-01,3.673701811372293569e-01
-1.019811285572703285e+00,-1.282097292516643172e+00
1.613617473320329676e+00,3.619404966664082401e+00
-9.867162458397678027e-01,4.415461855764496235e+00
3.441889350999416397e+00,2.551899301469420678e+00
1.708164162070775760e-01,1.827801816429086013e-01
-4.438674254984940504e+00,2.225759304800407179e+00
1.643167685035990644e+00,-8.873913151015407896e-01
6.600202333792076770e-02,-1.161630999736276371e+00
-6.325021512985840033e-01,5.914949291044448998e-01
1.343780972770939997e+00,1.736686532277691652e+00
-8.686554931308707594e-01,-7.943514884785380925e-01
-3.315719636215355010e-02,2.507335266004897534e+00
1.997090069464449114e+00,4.803042553635413769e-01
-2.588499160446395386e+00,1.187896288066126793e+00
-1.431852399600393178e-01,2.109727508668826079e-01
-2.131874509196135747e+00,-2.196845582759528792e+00
-2.432460918464656452e-01,-1.059920308307169989e+00
-2.742460040350038764e+00,8.121738472295445543e-01
2.036933405327137070e+00,3.597487115521406764e+00
1.269381626805056396e+00,-1.361929154689939914e+00
-4.373929621297395265e+00,2.576543734387475304e+00
1.548924259550833904e+00,-1.105600241927018779e+00
1.478434582380023787e+00,-1.129371204828861774e+00
3.992956886670616434e+00,7.808258375788007521e-02
-1.659966002536352958e+00,-2.989023120460096550e+00
-4.124140917344365498e-01,-1.530433561236786755e+00
-2.347730284114635246e+00,3.283819349489537576e+00
8.380900925136584856e-02,2.455971474062519089e-01
-1.035998059837886842e+00,-8.118633399565783337e-03
-2.676072010342434471e+00,4.683045150614688623e+00
1.692018663837580733e-02,-3.168427432350382933e+00
2.499531098166802856e+00,-2.734116440362923228e+00
-1.709877510349591789e+00,-3.444089527132172091e+00
3.971544995656136834e+00,4.134807096804606341e-01
-2.551766269515153285e-01,-1.527938575090005413e+00
-9.163137093117108556e-01,-7.820919654459510539e-01
3.846109281969174898e+00,-7.632132331653050938e-01
-3.963652895222658401e+00,3.198899442672421323e+00
-2.153047453397914257e+00,2.061225526635583449e+00
-2.873601557773935777e+00,1.253805284015675703e+00
-2.103681462857730278e+00,-2.546389216341022887e+00
7.989220917606569550e-02,8.223285790010619323e-01
2.894869242949445365e+00,-2.405236296656237283e+00
1.483172345109228019e+00,2.158009085010301309e+00
-2.777530104389812404e+00,-3.894713424431239801e-02
3.434239636233727966e-01,-1.381601126183828132e+00
-2.410904877292526116e+00,-1.659670411217019748e+00
-2.378871800081034493e+00,3.951602283658383286e+00
-5.309164763420584077e-01,4.594933920570053232e+00
-4.732514386333325440e+00,1.060515456215016306e+00
-3.730399747969720181e+00,3.130684970558285318e+00
-2.605455785071179253e+00,1.032954148998810773e+00
4.211147551065106409e-01,2.358062643164164029e+00
2.024766307673316668e+00,3.976669295063164355e-01
3.284506700590526407e+00,-2.138063992054915818e+00
1.079695788974108644e-01,-8.723779609680878955e-02
3.695810391036703280e+00,1.373576217447922243e+00
-5.391085002133547688e-01,-1.597841347896513664e+00
1.669035718956589365e-01,2.992475951334195861e-01
-2.987445898209120543e+00,-1.102610737163634003e+00
-1.582706316186136331e+00,4.412769273756810939e+00
-6.023660705568681939e-01,-3.199933903498470400e+00
-1.242747262318478541e+00,5.042315488791047073e+00
2.002379101464037081e+00,5.042367939062213367e-01
8.744623984234317637e-01,4.564144608535629644e+00
2.770612277539979740e+00,3.927321598468281216e+00
-1.785331364550406974e+00,2.317730632580713213e+00
1.233803632013798168e+00,1.954039556457676685e+00
-9.845384307927146361e-01,-7.265912757612374984e-01
1.983688681628617223e+00,8.259672270077832446e-01
-1.020348983513625685e+00,-1.013859601728900550e+00
1.907911650854355212e+00,1.096545710135464757e+00
-2.468541947764636202e+00,-2.526881757847208032e+00
-6.499684049099034855e-01,-3.056737692663421768e+00
2.038175844687694305e+00,3.559497738605051698e+00
1.978369136019678010e+00,-5.894048563334688962e-02
-1.347560092484873406e+00,-3.580219899390679750e+00
3.120109919806068333e-01,3.022644886849145784e+00
5.983554923282154991e-01,-3.368077812709680430e+00
-2.325396618745607241e-02,-1.864699368690219794e+00
6.689044258430094647e-01,2.148927629524246097e+00
-6.776134104322206753e-01,2.678319525924318434e+00
-2.091595781787354724e+00,4.163415232915687270e+00
-6.097067422707017764e-02,3.974017297937741389e-01
-3.209976541810770634e-01,-3.572017547269386917e+00
-4.982586769906298230e+00,1.214993746481769499e+00
4.469425595981721955e-01,2.051655351293369289e+00
-7.082481732303864096e-03,8.716895351881512877e-01
6.879891672675189085e-01,2.307395266464962180e+00
4.003785648119998264e+00,-2.403660931072892915e-02
-2.782614996853499112e-01,-1.693809126810666754e+00
1.676709977359982950e+00,3.791413269552929233e+00
-6.989868749922267810e-01,1.989148432712569470e+00
-5.460084707662729020e-01,8.296906360417738435e-02
2.711412306819178220e+00,-2.465913791531579413e+00
2.688841723380122950e+00,-2.511643790700402779e+00
-2.781646560916745781e+00,9.664466833799846279e-01
-6.614000235919311743e-01,6.149212924196781893e-01
-8.927958727544746953e-01,-9.654046735434342885e-01
-2.195936835032253232e+00,-2.248392664405420405e+00
3.847045445760750582e+00,6.866254288975809361e-01
6.154741528354418928e-02,5.501445712644114083e-01
2.610472142726445455e-01,-3.267014215461302218e+00
7.719001106704923565e-01,2.959825901974510565e+00
3.485739426429306675e+00,-1.517396946673048808e+00
-3.997284603816149140e+00,2.766252734560313620e+00
3.371353391682867962e+00,-1.957387890577737766e+00
2.165836727365962056e-01,3.062428954485185706e+00
-3.014734705270825987e+00,-1.553491287094815321e-01
3.876294605993622078e+00,1.230613113815711701e+00
1.693885550270154416e-01,-6.518661970780481596e-02
-1.132290301967004975e-01,8.841181462552838433e-01
5.942317820792218930e-01,-1.420849392583339643e+00
1.981109038386098309e+00,2.539885630364935309e-02
-7.566031055805449990e-01,4.552084079837234176e-01
2.016685051269398343e+00,-2.842658829018239963e+00
-2.954488042377776846e+00,-7.396836020965305014e-01
-5.526359539589910108e-01,1.229013349159597257e-01
-6.021755486442405270e-02,7.947223631570714542e-01
-8.276583853172918559e-01,-3.473618584988932056e+00
-2.768962512838113010e+00,-1.506565198249863791e+00
1.721720396694228494e-01,-2.086602093000146929e-01
-2.508484284867418257e-01,4.922430395585563612e-01
1.862584492513043699e+00,-8.844631122972892445e-01
5.400252617603280847e-02,6.573608903666279257e-01
-4.717731312492389861e+00,7.241196326724093080e-01
-8.865304627536964022e-01,-2.089936599087952596e-01
-1.703346809252783256e+00,2.694195113690178722e+00
2.683979493405893368e+00,-2.875588960629966273e+00
-2.079788326043824576e+00,1.938809532360403320e+00
-2.032556532387275461e-01,-2.889709006657209756e+00
1.268369889476386181e+00,4.776658534931383926e+00
-2.399399267486557186e-01,8.018876930346872101e-01
-1.643998717389866027e+00,1.296251184696415759e+00
-3.529598421542603059e+00,3.683844123735085851e+00
-9.919485726447001550e-01,1.355879727730145978e-01
-2.983814240359210057e+00,-9.385871370965674920e-01
-1.041020913213450472e+00,-1.044417964806714227e+00
3.723264018046387847e+00,1.755892437252009497e+00
-4.685023231618696826e+00,1.108597557798844946e+00
2.474980552108589471e+00,-2.914601172662765638e+00
-4.451895677457223983e-03,-4.245844697582531246e+00
1.711175735838211809e+00,1.582810023879777983e+00
-1.256119357082526644e+00,-3.057509492945342799e+00
2.359888410097273237e+00,3.877095819455315784e+00
-4.514313492879405976e-01,3.157147202230423666e-01
4.032397840041616610e-01,5.066269843554104035e+00
-7.818900702883049836e-02,1.281530262661727093e+00
1.863640788542604954e+00,-1.281478254261295024e+00
-6.780253110605539701e-01,-2.967415789405262849e+00
1.324248011096818833e-01,2.820366897235482839e-01
-1.672251980683736594e+00,4.870807471688411106e+00
1.769034430881878395e-01,5.963777099331372122e-01
1.345984912234977349e-01,6.612555361309703506e-02
-9.214565499046135644e-01,-1.022903365484242322e-01
1.470441330557145376e-01,-6.003777477171969856e-01
1.480938825328155684e+00,-1.340657267636878869e+00
-1.726466883047301504e-01,4.402003971541725846e+00
-2.795770238007079023e+00,-1.265229933558423836e+00
6.977894910623312352e-01,-1.341212962481175719e+00
2.021358354657466716e+00,3.571217787361167240e-01
3.584392886706869064e+00,1.693921948332685501e+00
-4.998804568419758176e+00,5.028070907961731395e-01
-2.486048253374376349e-01,1.936387355000387389e+00
3.089676806709433787e+00,3.674380998383577346e+00
2.385987206353803014e+00,-2.701456931767432401e+00
6.788874824958233967e-03,4.348509675884157377e-01
-1.010603371771801484e+00,-3.430348031741576875e-01
1.576771378545026858e-01,-4.934577301761677859e-02
3.376483171055954191e+00,3.032100337918093302e+00
-8.193326521113001304e-01,-3.757668446116943617e+00
-1.186062487346026373e+00,-2.667493856314309575e+00
-3.916331625480065082e+00,2.693598557714615538e+00
-9.065180832818974244e-01,-3.887859496834141559e+00
4.540867660554463725e-02,5.010487890562776991e-01
1.300467724145182302e+00,2.040507818241692028e+00
1.702453978874183538e-01,2.555838966512689048e-01
-1.043289052710118625e+00,-1.973409087631542158e-01
1.839644303699163652e+00,-7.436633426809904357e-01
1.231301139208271556e+00,-1.252333487703182646e+00
1.004400003910740580e+00,4.430637784292797754e+00
-3.355439101874995167e-01,2.547325368739689733e+00
3.159638791666124491e-01,-1.230630147869945956e+00
1.876166280108551909e+00,-3.165202409962422969e+00
3.809727552948889873e+00,1.332265414469943732e+00
-9.848843266609912384e-01,1.406899638756450577e-01
-1.622658046093077955e+00,2.275299735555441405e+00
3.449451965411253873e+00,2.437989570916579751e+00
-2.086092400838606586e+00,4.241512756895374991e+00
-2.728936736436992749e+00,-1.810085179760428042e+00
-1.013684037468697507e+00,-1.723167422961455197e-01
3.695491795922787759e+00,-6.556252768855319601e-01
1.966322920674706820e+00,9.785014217430554329e-01
1.473341403355548918e-01,5.208618399537761068e-01
-1.989043291808244796e+00,1.452528736002592025e+00
4.696728874830740502e-02,8.981337713050694394e-01
-3.622042976470052911e-01,3.877787178308068405e+00
-2.529793548865477248e+00,3.555342570472543429e+00
-4.988703566523819077e+00,-1.876463148444585671e-01
-6.676254527877433231e-01,-1.769174249155331946e+00
-1.042040585697609378e+00,-1.078161197091468626e+00
-8.772735190625099433e-01,-9.245758241241517350e-01
3.309027322032486840e+00,-1.524171367592673132e+00
1.658729747893275430e+00,4.074125438952993505e+00
-1.025155538447619863e+00,2.448756064307800739e-01
3.187593935572680809e-02,1.914339635690467389e-01
8.536114322242330243e-02,-1.905496334696546779e+00
8.641544958456173764e-02,1.325949688380702041e-01
1.329875089527381427e+00,-2.981299287125636077e+00
1.548329961399818044e-01,1.369372890979709545e-01
-2.591327017877628869e+00,1.906677684965778719e+00
-4.228528371290342314e+00,2.726712039113944108e+00
-8.229751390713453407e-01,-1.417705673034413971e+00
-9.236255337476892979e-01,3.830230876304144605e+00
1.560826843390594743e-01,7.046261916156046912e-01
-1.046398702967608729e+00,7.849816218080857277e-02
3.371909231223416459e+00,2.747680154554400289e+00
3.848765619545620797e+00,1.652989985192365729e-03
1.355745225514997654e-01,3.123132251958002925e-01
-1.002967000361677297e+00,2.960265845450592792e+00
3.586550080914487904e+00,2.189342902882303044e+00
1.326152063289300242e+00,-3.204068922313076051e+00
-9.241094389109746343e-01,-5.631729335060658981e-02
-1.032802431937559051e+00,-8.174490077341078909e-01
-2.534650106353763643e+00,-2.249974953786801457e+00
7.981616932608455173e-01,2.876258826520090128e+00
-2.845621704723502177e-01,4.165007863639250907e+00
3.092828641980410076e+00,-2.093214949275091108e+00
-1.001337278990961144e+00,4.581326383646655565e+00
3.914603749921125697e+00,1.571024854375514312e+00
-6.067219619005925768e-01,4.353364201840351222e-01
-2.293950831077881392e-01,9.894845061796420094e-01
3.479791594460337034e+00,-1.489881110689958099e+00
-4.015477751967059250e-01,1.275606579791586648e-01
3.927976192099830843e+00,1.859062472340184957e-01
2.014395282345151195e+00,-1.120320494255251376e-01
1.920800305945956632e+00,-3.969301156394229868e-01
5.341387293456036911e-01,2.551556720235498066e+00
1.261276614639617710e+00,-1.649967939377032788e+00
2.791038409889204708e+00,3.664063219688299178e+00
1.805581107104232030e+00,-8.927900902513105086e-01
-2.897896245876814270e+00,-9.600973538685843023e-01
-9.726146406871168937e-01,8.145976004786174840e-02
1.642969604668810812e-01,-1.372662018658956651e-01
-1.423044393407425723e+00,2.473153016128846637e+00
-3.773215960250110967e+00,2.869510061816066937e+00
1.841689198366602387e+00,-9.048732033222810500e-01
1.041789046758738041e-01,7.629838578590089626e-02
4.006093095330506060e+00,-3.690616535729887571e-01
-2.634449812109723510e+00,8.048267598930297639e-01
1.785840301272150488e-01,4.261729048742822767e-01
-4.987114763564888809e-01,2.960366041576205198e+00
-2.181483584256036057e+00,1.958600689150127749e+00
-4.728657179666203803e+00,1.698045441953991652e+00
1.201148980807119182e+00,2.076613333268436001e+00
-2.896618736682212258e+00,2.879256524042741017e+00
9.988194439731917784e-01,1.321377956403262832e+00
-5.452650019783289448e-01,-7.893342670021503693e-01
3.585212984679758463e+00,2.455771690878493452e+00
-6.075993341029169333e-03,1.055461127363668705e+00
-2.702043823976516990e+00,1.148934743971398387e+00
-6.043192268525330313e-01,2.856570133850552473e+00
-2.913965623853116416e+00,3.848244769085684247e+00
-1.120039036081879047e+00,-3.687992073819837291e+00
-7.356845208863883601e-01,-8.997151424047664658e-01
7.672200790637100365e-01,3.961056057197576141e+00
-3.889127595912559965e+00,2.698892972027954862e+00
-4.102146913767724890e+00,2.856110952300838335e+00
-2.738743608494565329e+00,-1.183159089119355745e+00
1.974400216415170162e+00,-1.622851396079091901e-01
7.842063325974680810e-01,1.990272056434799097e+00
-2.913803014116041812e+00,4.060070566155989269e+00
-9.513321645335863774e-01,4.273120933555940582e+00
7.053345000094128903e-01,-1.918486893971295792e+00
1.493295640167362714e+00,-4.703072247093995628e-01
-1.044281848956944758e+00,6.068691836371418180e-01
-5.174312273391210582e-01,4.234477719396727569e-01
-1.368849309159783312e+00,-3.215872384326178057e+00
-3.876753065140368659e-01,3.338709504282826757e+00
1.659131217482413989e+00,1.508943084992365735e+00
1.334944036035076442e-01,4.676214321706061439e-01
-3.500320081364357572e-01,3.833604077121273712e-01
1.467216350848394857e-01,-3.673280938215957026e-01
-9.584889011192710973e-01,-5.277251632217035970e-01
-3.476870523026421300e-01,1.358043111952022541e-01
1.784801264719114988e-01,-6.358297397401641016e-02
1.871396880053492806e+00,-3.070384736099613043e+00
3.664665871369377381e+00,1.551210674969922598e+00
3.879092852309482087e+00,1.173020197739849113e+00
6.622069513542173658e-01,2.184848000261055301e+00
-3.015466923550287337e+00,-4.726365272496350078e-01
-3.944929828402815364e+00,2.804923275123061721e+00
1.974352755230269540e+00,5.112979616586943443e-01
4.009496268666419283e+00,1.006032739007167165e-01
2.003327928726787110e+00,8.169242186208511836e-01
-1.046706958207517912e+00,-2.195181843147105405e-01
-6.015971965878567085e-01,3.295063778402786969e-01
1.753794341084539410e-01,-3.731696091432494256e-01
-3.687035375150399252e-01,-1.909211980623426008e+00
-3.618405017187334427e-01,3.271790050943733652e-01
1.738659278873797343e+00,2.320925792951152644e+00
1.250414616953701985e-01,3.243872545318876588e-02
-8.149186075609956559e-01,-1.280862999652149004e+00
-1.612069680520231474e+00,-3.847756576676578888e+00
-2.626175404151372406e-01,3.244242217166777853e-01
2.723045461423094338e+00,-2.562467212013189499e+00
1.488501947492339716e-01,2.478096106623175476e-01
-1.044552910568782522e+00,-2.961050397071885443e-01
1.222906772211435733e+00,-2.192221339592946627e+00
1.972740298304063389e+00,-4.159644525569882734e-01
1.773483470149537888e+00,-3.010917949818536776e+00
1.958685326223689405e+00,9.633538481928919373e-01
-2.324671250252816179e+00,2.136498081155155049e+00
-1.045984103057467918e+00,4.624044603404470766e-01
-2.905242979388161562e+00,5.842759478316088551e-01
-1.227531323799900820e-01,3.561710663585005987e-01
-1.034196058245644201e+00,-4.751826634426457585e-01
1.248512711079658166e-01,4.232101446628486197e-01
-1.031657916421672150e+00,-8.748940410996972616e-01
1.465128673251655800e-01,-3.932688618953403270e-01
-1.045234140184911675e+00,2.425469541644590943e-01
3.764081239883563246e+00,1.570852203494101484e+00
3.194120141572280858e-01,-3.299220053253781870e+00
4.006190713139493376e+00,8.092020831845582185e-01
1.564922320823310509e+00,-1.450556004823102096e+00
-2.342744458985836165e+00,-2.183894585741061878e+00
-1.912149761415398386e+00,2.102980522293279808e+00
-1.186395171530843173e+00,-2.709179758109563352e+00
1.452845522869127048e+00,-1.063773743260204796e+00
1.259438994826739933e+00,-1.256734301476860605e+00
-2.886274938505386523e+00,1.397725114004149116e-01
5.512787014637422767e-02,2.941583849749640045e+00
1.445130387428486540e-01,2.401935463400235893e+00
1.287054175803457712e+00,2.000387322003805757e+00
3.995951569130591907e-01,3.029352552475067739e+00
-2.634584083167320401e+00,-1.907000860204340897e+00
2.055003754344264522e-01,-4.267082389459229574e+00
1.733504922984507590e-01,2.590899561439681253e-01
-2.881687997074433127e+00,1.628847606599099551e+00
1.781417664472190188e-01,-2.997981409354814053e-01
-1.601686247575968780e+00,2.289473649775449537e+00
3.621913765138891073e+00,1.671482544392617342e+00
-4.813592889116658391e+00,1.385712423640871105e+00
1.245651223613409186e+00,4.136244437666267260e+00
-3.291059867875149175e-02,1.191890392876906457e+00
3.963923793720046440e+00,-2.790013509347251119e-01
1.753049777344877214e-01,-4.464488324523385732e-01
1.346556113559521928e-01,3.835716255704158417e+00
1.121907051002753120e+00,-1.351713164370475617e+00
1.852384358871562497e+00,8.872080104009574253e-01
-2.001190112044591018e-01,2.110103483087767406e-01
1.685723500270710717e+00,3.869431914153143026e+00
-1.038887672748886049e+00,-2.377198004171252321e-01
3.940015195161405082e+00,-2.931990714109322660e-01
-1.044839763923616216e+00,-1.346715980789137124e-02
1.984824416098995181e+00,3.923616389476635380e+00
-3.830688951871704107e-01,-1.167215585027323144e+00
-4.557376230419307173e-01,-1.160540846048863761e+00
-1.816076747799728830e+00,-2.162708960786495993e+00
2.000070333367086839e+00,5.640138571705418657e-01
3.287253500218588975e+00,2.953838326376835521e+00
-8.175728590292256071e-01,2.450095264447633703e+00
-4.997546656078698746e+00,-1.215426588243584405e-03
-2.684296043149930533e+00,9.692403995010246964e-01
8.790114641433945941e-01,-1.457925177385517523e+00
-1.300755330538527321e+00,2.259797684167178744e+00
1.792931478342712381e+00,-9.262454293183308707e-01
1.501365355867582407e-01,5.281727035242648194e-01
-1.152053551603915871e+00,-3.128626056859640236e+00
1.783699819995681890e-01,5.485079184565097021e-01
-3.850084398742616154e-02,-1.300310782481162164e-01
-8.262708963731192346e-01,-1.087262560621121921e+00
8.204873558683373203e-01,2.492010049165999330e+00
-3.206583308119011821e+00,3.110117218894566271e+00
4.210977660510629300e-02,-7.561773286024429941e-02
8.230089464022556367e-01,-1.416627046681878443e+00
-6.506789971299189457e-01,2.516791050602149138e+00
-3.016311610977610691e+00,-1.287242842419709654e-01
3.623452328552540180e+00,-1.176313447550893398e+00
1.480182851098843233e-01,4.791735896082681023e+00
2.798749482654674381e+00,3.298071946333723137e+00
1.193910356526920458e+00,-1.233930729624349798e+00
1.811941977955597416e+00,-4.208717933053549576e-01
2.348221979488058775e+00,3.232186422972867845e+00
3.975960394621278482e+00,5.773906017467961282e-01
1.023140359011384559e+00,-3.222105966470615535e+00
-1.017774112511324880e+00,-1.335552033384699300e-01
3.964080648487029040e-02,4.255379991283172320e-02
-1.642880826467418842e+00,4.673856888498939099e+00
-2.693518175285320559e+00,1.329498784935492006e+00
9.000572500058626191e-02,2.917607546590064160e+00
-1.009358378114690424e+00,-6.425020302205241007e-01
