7.776138736151089192e-02,7.985625853745472735e-01
-7.729351289232255784e-01,9.787456645864125448e-01
2.023737375631460722e+00,-3.048315450552702699e-01
-2.227515338099000708e+00,-1.633320619504426752e+00
-3.368576821513845632e-01,7.227169252542267053e-01
-6.846669598343043672e-01,-1.757925780864503018e+00
-2.717292465767121357e+00,5.816702240430451365e-01
-3.014819208217378588e+00,-3.330604514467546684e-01
1.941822572022827487e+00,7.180295720824334538e-01
-3.650811455634844771e-01,1.469982095971146263e-01
1.962429316530859724e+00,-1.831843747964420899e-01
1.980938131888869691e+00,-1.889696925851987175e-02
4.009607789785754051e+00,4.643924930804851914e-02
-1.040896343245544253e+00,1.505519712133660537e-01
-9.848191745472092418e-01,-4.023528021042788616e+00
3.981039508389620174e+00,7.942494962220061350e-01
-4.231160123792237354e-02,3.106047106899633148e-01
1.226892038210980251e+00,2.320834393149188379e+00
2.885723455406557017e-02,-8.067132293526640963e-02
1.792140328494515433e+00,-1.591627395670078382e+00
-3.010751527704925712e-01,-1.736048736949924898e+00
-3.689365344775217270e+00,3.232477676163631575e+00
-2.151585085516550810e-01,9.171960443940978536e-01
-1.879129434447401437e+00,2.321425286304122260e+00
1.414700499546699131e-01,1.304101317189339859e+00
9.265441273170557657e-02,3.225968921630806285e-01
1.771999648851314280e-01,-3.965664988463964979e-01
5.408509140513929891e-02,3.894102191528701906e-02
-4.979751056436754197e+00,2.608292057466328751e-01
-1.125704061460405470e+00,2.618251820679717845e+00
-3.005790718292324470e+00,-1.404321214048959432e-01
-2.338018200081803499e+00,4.362313626011426138e+00
-1.994846703621576678e+00,1.209722446699210252e+00
-2.921080195741228458e+00,-2.120347412360910622e-01
-2.294947581830632188e+00,1.524433193568255129e+00
-3.444661453819187202e-01,4.864916813082260205e+00
-2.137687912550926050e+00,-1.940386014420510286e+00
-5.289164679428592225e-03,-2.039968776365596703e+00
2.841303857503887365e-01,-2.694777573844388208e+00
-1.129553482328892189e+00,-3.319070022943011899e+00
-3.936772173597123281e+00,2.160836356970408101e+00
1.030375544801893917e-01,-1.552214874733204963e+00
1.733043045094068701e-01,2.114926515852712241e-01
1.782758061925349413e-01,-7.410407749214995010e-02
2.179157579006106182e+00,-2.513917587976417067e+00
1.477661020153858917e+00,1.570092313789061667e+00
1.366497301163243305e+00,1.117554457198149054e+00
-4.164951367848026109e+00,2.295859605398557601e+00
1.684191434707116519e+00,1.327363260277716339e+00
3.792236592992728195e+00,-1.115482699516769927e+00
2.606655574076575554e+00,3.563281134089854252e+00
-2.590758438524682017e+00,-2.242859363083908875e+00
3.921169619640572979e+00,1.428984329363661265e+00
-2.712760655122884224e+00,1.094615791536509342e+00
4.002034346436750489e+00,6.750071330442591888e-01
-2.112123254109706583e+00,1.872621784198705175e+00
-9.586430154070957332e-01,-8.331167531536083359e-01
-9.930728207577073086e-01,7.299322949249424930e-01
3.106290787629881756e-01,2.192139765368830151e+00
7.097970557446509066e-02,7.557991849360253811e-01
1.679278808105040710e+00,4.064853815848706198e+00
-4.534201544585874655e-01,2.410846176723692391e+00
-1.343693354428558973e+00,4.011008375762182609e+00
-2.622146671488710279e+00,-1.810362808376160704e+00
1.337967157096574822e-01,-2.140691623402604105e-01
2.021736250291912285e+00,7.462291276987422783e-01
-8.908701449391538407e-01,1.466680094315812588e-01
-2.824163227322177061e+00,4.760817674848598080e-01
4.210004608831827144e-02,-4.273036489001552085e-01
-1.744947696722612296e+00,-2.636063876605697853e+00
-2.150786490250778282e+00,-1.955305833834376728e+00
2.435798335475635401e+00,3.630838167118277671e+00
1.208026401275969774e-01,6.920691258061680839e-01
-1.885915222538879332e+00,4.268892116547371884e+00
1.709590117827959777e+00,-3.077167277061367834e+00
2.664424337876441840e+00,4.166529552645510392e+00
-9.265940725380081844e-01,-3.555935646042197584e-01
3.245904632990454175e+00,2.394432976222973686e+00
1.685384813164345852e+00,-1.474394220427941882e+00
-4.991443940349236996e+00,2.489700647870202177e-02
-8.106889314354126519e-01,-1.978844213773292893e+00
1.142777483474723077e+00,4.510961685637029817e+00
-6.409389159320859619e-01,-1.371538116676025210e+00
2.008800121111631309e+00,4.169055967491754888e-01
-1.354671692809161776e+00,1.981137960623762684e+00
3.980890700899440304e+00,-6.590339837491733244e-01
3.055270359345460540e-01,4.815289825948867453e+00
-3.014195959387449442e+00,-6.149588030529901106e-01
-6.604223023579806062e-01,-1.772487205309810188e+00
8.322266491912255759e-02,-5.879452517023702196e-01
3.397737790787222489e-02,1.977216099435941954e-01
3.835243554517926867e+00,-1.281502857224064762e+00
-1.251551503496108886e-01,-1.509560323546183191e+00
1.206853233296051667e-02,-1.182921872691349297e-01
-2.985553203635439301e-01,2.709693953317967807e+00
1.797684604226199023e-02,-2.381289961540115074e-01
-1.056266685446282771e+00,4.164843005637625772e+00
-1.218247460030769946e-01,-3.975893270467778517e-02
1.959871000481342662e+00,-1.544769797611535156e-01
2.861348028982358890e-02,5.838096684457502183e-01
-2.026258250396888450e+00,-2.621676472167922434e+00
-1.041677029988036018e+00,-6.588881044754560934e-01
-1.775783226830293104e-01,-2.998694921865769913e+00
5.344947025173946153e-01,4.356491973252644812e+00
1.434380737440487386e-01,-2.117887621128133890e-02
-9.161388431930417298e-01,2.835613972985241205e+00
-2.773406662358163910e+00,-1.030778841762799658e+00
-1.662529231599897850e+00,-2.249200596467475055e+00
2.704389513813750145e+00,-2.860425240116404755e+00
-6.844292960763228573e-01,-8.735036737214454394e-01
-1.969740273622308413e+00,1.771935588520208604e+00
1.022024929345284550e+00,-3.494453804308862654e+00
3.160811169378008767e+00,-1.996242174219432730e+00
1.111756312013185033e+00,-3.567479584074062959e+00
-2.979429193234563567e+00,-6.513327313081754277e-02
3.549289994996296382e+00,2.733556471242706731e+00
-1.241527609816364119e+00,1.235294972048443629e+00
2.052675507349901451e+00,-3.105340759460868405e+00
-2.458319978407350170e+00,1.350463766910325436e+00
3.238821012128634269e+00,-1.999763234053683725e+00
1.922253239993207519e+00,-3.610835917231701719e-01
-1.289648724448485551e-01,8.322829096466595189e-01
-2.983510465961297875e+00,-7.157269400969777928e-01
3.709289975661078653e+00,2.071550372223614822e+00
1.782583021286820724e-01,2.352513451069696560e-01
-1.022448244179180232e+00,2.735262597432459586e-01
-2.979699582088062293e+00,-1.307920025487547822e+00
1.039416643773952043e+00,-1.961433053122971559e+00
1.679978466604671594e-01,3.178682243939126018e-01
-1.631386631009401400e+00,-2.976566955331994002e+00
-6.159454352080547812e-01,-2.015235246216339871e+00
2.014662745147223433e+00,4.918204783837535898e-01
8.343641664689172011e-01,-3.138447075544753329e+00
5.097894881982976967e-02,-4.011272727517262160e-02
1.869195289931392612e+00,3.787354117227678785e+00
-2.062100272903651665e-01,2.734212193061573148e-01
1.537835944830747148e-01,2.419995890398637661e-01
2.148272034972517286e+00,-3.098211943025114934e+00
-4.022046116119375903e+00,2.930473500757165617e+00
8.136642690391342192e-02,5.041898775405757593e-01
3.509013034797541231e+00,-1.263525428959057173e+00
1.856721357978526443e+00,1.326790158238576378e+00
-1.943045079619095006e+00,-2.945240760113943868e+00
-2.741107163839331839e+00,-1.566527266333457069e+00
1.980909125927479586e+00,9.076652300624172831e-01
3.250715606751826137e+00,-2.066606333670916840e+00
-1.036664381383503475e+00,-1.067980216201202814e-01
-2.205217445445123714e-01,-1.425519015532689338e+00
-3.428731494151240899e-01,2.814048033714021013e+00
2.860294222629229388e-01,4.598882870605627282e+00
-3.782404052143104045e-01,-1.719435880257618843e+00
6.332852773108060829e-01,-1.770612766190940324e+00
-8.444000136004832235e-01,-3.186921725659828564e+00
-9.830995974650744706e-01,-3.155905963016711335e-01
-2.640136338722221865e+00,2.815491831614121310e+00
7.630602349916749683e-01,-3.691887421407538561e+00
-1.040752186443524518e+00,-3.075221173410730424e-02
4.960799453714487828e-01,2.377549326459726053e+00
1.706648809666398425e-01,1.976480585040952254e-01
1.291171574909834585e-01,-3.868981156247049968e-01
1.496167983810821500e+00,-1.587356915785087086e+00
2.113695369744753805e+00,-3.145305353430734474e+00
-3.008670570829538704e+00,-9.883372008098756378e-02
4.800715789497556063e-02,3.314384613201564189e-01
4.007599197832081295e+00,1.038800207305730083e+00
-2.118588938590988402e-01,-1.509726212864928474e+00
2.157010308251919306e-02,-4.900452788823981831e-01
1.758728062771849066e-01,1.126967359151533454e+00
1.086320813173329292e-01,5.345936804465571957e-01
-4.832831979321027482e+00,1.524150743214407910e+00
1.441173573121390605e+00,1.950673519303750991e+00
3.490345115736576354e+00,-1.746809234703535996e+00
1.785491052603867534e-01,1.637507423325300637e-01
-2.548902987493553152e+00,-2.251282731107903778e+00
-8.668338940731366016e-01,4.421071683519330886e-01
-5.747837931041346327e-01,-1.905505430817280743e+00
-3.512649150254221753e-01,4.484627325353535809e+00
-4.369045093435796473e-02,4.603961808104234388e-01
-4.588460989301136550e+00,1.989482834968437919e+00
4.805682278256244791e-03,-6.152219141555238524e-01
2.915049577773681566e+00,3.191331835796018979e+00
-7.827977208103533702e-01,2.752040152318280697e+00
-7.644793875680964135e-01,-2.890693627806201871e+00
1.059386064793725879e+00,1.968390615537503052e+00
2.414849124216663159e-02,1.027600400035720396e+00
-1.349531300473066631e-01,4.652551071329743770e+00
-4.591433989861419818e-01,-1.134737905207920283e+00
-2.884948418046322516e+00,-1.034151885506188417e+00
-4.057540103529112763e+00,3.184933264454779867e+00
1.848556677183252672e+00,1.231417801042774540e+00
-3.965870342053137015e-02,1.445729860627746333e-01
5.417417594222299071e-01,-1.496907575808636315e+00
-1.756527971424243439e+00,1.326898929529013671e+00
2.017985268738704097e+00,8.485272233875069958e-02
-1.514763843369530294e+00,2.434321741315413234e+00
1.362795461162688682e+00,1.796658165384765526e+00
-2.434136982212065092e+00,2.234005696151217357e+00
3.235688412840456607e+00,3.673436178654966522e+00
-3.761679557952712361e-01,-8.616931897047525046e-01
1.290954218695959277e+00,-3.394953575835431892e+00
-2.615358275320669890e+00,-1.192709709064613932e+00
-9.309462975151180375e-01,1.948111725787517179e-01
-6.488056846822329859e-01,3.578486233384079451e-01
1.830972295203238676e-01,-1.593330294708632300e+00
3.331540021977913869e-03,6.152259491370384303e-01
3.217423360404823462e+00,3.025789708449091897e+00
1.365948434420502788e-01,-1.346528698991242279e-01
-1.024110426012885267e+00,-1.854114033360988456e-01
-3.955229674064387746e-01,7.630396883138277353e-01
1.785372753410001678e+00,-3.380013232205771434e+00
1.881422425381877206e+00,-1.222980085581800935e+00
-5.651359308953011334e-02,-2.106750543180276658e+00
-7.058856753865827560e-01,2.096395092972157315e+00
-5.967796555345631360e-01,-1.336820133234199792e+00
3.245966979166001298e+00,-1.794566284683630553e+00
-3.594451003708291736e+00,2.831978559409696672e+00
3.427199088403668631e-03,-7.843653876768026389e-01
1.496450197812734251e+00,-1.411810746515521631e+00
-6.862779707213652047e-01,-3.554067668339828678e+00
1.672206820613022782e-01,9.192619316202794988e-02
-3.016312734969893050e+00,-1.371947927895964259e-01
2.636081438367838814e+00,-2.091094743087749563e+00
-2.603579454765180934e+00,1.666266354196773714e+00
-3.151511670873103022e+00,3.174234282200998347e+00
5.342639787777816451e-01,4.144467209343821068e+00
-9.497542684633456522e-01,2.950431390001063026e+00
-4.747406867858546597e+00,2.063432537207826822e+00
1.975923485678590996e+00,2.820188640129295266e-01
1.708465008429999599e-01,-3.077512161936569957e+00
1.115501656863883584e+00,-1.789360697373239661e+00
5.004320249132734183e-02,1.040930424484206362e+00
-4.074807624962610397e+00,2.706755054079604150e+00
1.827895305895615774e+00,8.113064081832690455e-01
8.978354855231924780e-01,-3.832933141399109012e+00
1.403002026256880697e-01,2.411956825732956000e-01
-1.034447720873525656e+00,-2.783920010314217541e-01
-2.876636493160000363e+00,5.397859876862718398e-01
3.918192781237027411e+00,-1.009574124647273363e+00
5.344257070724740544e-01,2.272024020877772887e+00
-9.494960464410477918e-01,-1.223430928643999493e+00
-2.560275778119915080e-02,4.862725799165582785e+00
5.775470691609138063e-01,-1.673050430849482018e+00
8.073263849624118249e-01,4.387144548307969849e+00
8.598143125040684509e-02,4.559849529409762958e-01
-2.065125140384331370e+00,4.315435444448088020e+00
-5.620967033324609785e-01,-9.827141412236394258e-01
-5.410038703506573482e-02,3.627679645636488481e-01
1.963466846382731168e+00,-2.989687028281065917e+00
1.310193259120344400e-01,-4.259408662708939752e-02
-9.905632431795674542e-01,4.957659256810797999e-02
7.745735805650553196e-01,-1.739571725083991716e+00
5.171002513582166893e-01,1.866873710389276741e+00
2.561096491633041428e+00,-1.954201072962582941e+00
1.288790660056745807e+00,2.399032581861729962e+00
-2.793937386343584794e+00,1.322710716003965725e+00
-6.049242970671938613e-01,-1.688309660080661967e+00
-3.082229614104044391e+00,4.298376385794483667e+00
2.024761419598020584e+00,-5.343989364683654486e-02
5.356407465184604977e-01,-3.403121891505648922e+00
3.447844161733752966e+00,-1.668088336061325228e+00
1.480821255607513154e-01,3.297356920126667257e-01
-9.487143196336567108e-01,2.696456339484893494e+00
1.385532316822709886e-01,1.829995029272808160e-01
1.825234820044178141e+00,1.083201824329020679e+00
-1.761632048286860375e+00,-2.537786587740693101e+00
4.009234244600922814e+00,5.673639278403647124e-01
2.024457541885515077e+00,2.007147857504809618e-02
-2.532330404216546427e+00,1.256091030808636599e+00
2.096470207708923450e+00,-3.292888710117787276e+00
1.099334439924569917e+00,1.763860326656285338e+00
-2.464475122373308125e+00,-2.130128013983269675e+00
-3.016511806077262214e+00,-3.231060722526590823e-02
3.627927070955097477e+00,1.898207287483056449e+00
6.132395999905770889e-01,-3.331806894165331379e+00
-2.295947139169406681e-01,-1.910794937432100937e+00
2.749680190270244129e+00,2.970962563797619360e+00
-2.417667457301922784e+00,9.757458560470503306e-01
3.780136036141114264e+00,-1.432613865547999632e+00
-7.947810847631989750e-01,-1.024172499596853747e+00
8.169107673703900063e-02,6.205451844937526218e-02
1.817230116050436051e+00,1.703908877048243564e-01
-4.037181876523798785e+00,2.621629163219441061e+00
-5.101307885663910469e-01,2.526336759585459557e+00
3.908009787520569045e+00,-6.962656708647784187e-01
9.560764809170094747e-01,-3.827394488776405090e+00
2.938866618483563453e+00,2.948492544380298064e+00
2.826771906424537573e+00,3.229249516515249940e+00
-1.621212682671942407e+00,2.241116118420094061e+00
-7.374267799619380059e-02,1.143841588294191913e+00
1.733784180097458216e-01,7.411804915841686547e-01
-3.696334338873967784e-01,1.000626655836063250e+00
-2.432244330712937774e+00,-1.750918902567630830e+00
-3.858662895466850040e-01,-1.842622239353738367e+00
-3.549196935584495449e+00,3.146162635314759815e+00
1.697625406441879203e+00,5.180788473782775849e-01
6.752687017431519001e-01,2.264757292699085767e+00
2.958473695313797447e-01,4.280066316084613298e+00
2.019794874328243672e+00,3.484839340304796140e-01
-1.039476450896626547e+00,-1.321701437398407286e+00
-1.482991812422413513e+00,-3.440244360534763679e+00
-1.046547048414061765e+00,-2.130282331335869861e-01
1.269927662429003901e+00,-4.405921196370868875e-01
8.922272945127370791e-01,2.417328263043008185e+00
-2.925564792358517963e+00,1.331517337361706188e-01
1.065290592225347277e+00,2.291435276067365301e+00
-2.523386668762704232e+00,-2.634908951183526860e+00
-1.722737126381258976e+00,-2.705839800876973289e+00
-4.110058443395093741e-01,-3.999948234383738921e+00
-1.755764128602600449e+00,-3.450744941545579536e+00
-8.449629498022537266e-02,5.277133927869669172e+00
2.023639180939580839e+00,1.038204251598430217e-01
-7.610291391525947358e-01,-6.172282632727003060e-01
4.363671086114032094e-01,4.770083776995452496e+00
2.974981245957181830e+00,-2.651638089121406416e+00
-9.666942372145834739e-01,-4.926929315384084296e-01
-2.441845195224406628e-01,8.200668740023400183e-01
2.294229387261666808e+00,-3.418647927612084025e+00
-4.398497267685844037e+00,1.861586034486904850e+00
-9.923705888510948592e-01,1.333383829315665237e-01
-8.276804647654916192e-01,-1.243399306759831013e+00
-2.330901327281234892e+00,-2.413372393334201504e+00
2.999085232887766309e-02,-5.010210806700247099e-01
3.063129979926574542e+00,-2.227548046891968614e+00
4.745762552611984542e-02,2.435564806373948343e+00
-1.359653079159380162e+00,1.974963712351549772e+00
2.750034349651238053e+00,-2.400935803165475502e+00
-1.617130524304870365e+00,5.158178670314260472e+00
-4.937327528426776801e+00,9.120177993037101860e-01
-3.736355135735082156e-01,-1.324285050021280830e+00
-2.923182909598418977e+00,-9.911209057356924479e-01
6.311699721788703865e-01,2.003750765483081508e+00
3.143373370857701854e+00,2.181029609262078672e+00
-1.173575114178703194e+00,2.193620192192839546e+00
-1.011424676989696847e+00,4.564601496517219359e-01
-2.859880310377653334e+00,2.631539458203875914e-01
8.162926975056121748e-01,4.293646652915311002e+00
9.480245616151306010e-01,-1.922394727596982822e+00
-3.735452895527646144e-01,5.438343417055285789e-01
1.746333730978478493e-01,3.894447163138191614e-01
-2.343676725125551030e+00,1.499484110108467938e+00
-2.982936189228832635e+00,-1.068722075538533156e+00
-2.502287393878604327e+00,1.207531910774662487e+00
-3.010844674681523170e+00,7.405437673782433450e-02
-1.830927853475195599e+00,1.969556834900515030e+00
-9.754499236346021451e-01,4.222804639591662412e-02
1.471019603122281603e-02,5.217210173450691491e-01
5.797215907968054083e-01,2.084882308494504954e+00
3.388979880435225134e+00,1.580328477278639010e+00
3.908160760421719893e+00,1.704031033424904695e+00
-2.947688643168383305e+00,3.971016875351789377e+00
1.442335079952352439e+00,2.336680790842667665e+00
-1.496915359491122643e+00,2.766488496991120094e+00
-8.910204978166491596e-02,-1.255600874672476053e+00
-3.941215198136875042e+00,2.772812090739041668e+00
-4.988770970429021290e+00,-3.617127913335131950e-01
1.860366474638257828e-01,-1.535136581947996959e+00
-3.293180325599625036e-01,4.716566253631252259e+00
2.024682765589890021e+00,4.239388375917160223e-01
1.962810333425934362e+00,4.042988427823862807e+00
-1.926267949329646678e-01,3.961091230492118642e-01
3.625556313217966897e-01,4.381926424077595250e+00
2.047590863880889012e-01,-2.320731803082788591e+00
3.878943793179110866e+00,2.538790572444995064e+00
1.368119779345223497e-01,-1.288296875184690160e-01
-4.778178955058765887e+00,1.640594516414548343e+00
-4.921628106168369321e+00,6.079921088349887759e-01
-2.276973051894634281e+00,1.333568518858923690e+00
-8.399717283434026127e-01,-4.974117007812773328e-01
3.861024578739062463e+00,-1.092010194168170134e+00
-2.949239160756063072e+00,-1.175043176625107932e+00
-7.281462976286918742e-01,-6.575406642059200557e-01
3.646355496098262261e+00,-9.254305705325996945e-01
2.192623224582162411e+00,3.824307590482311170e+00
3.550381758054303560e+00,-1.276739148409684166e+00
-3.539077223516198689e+00,2.937386840982983749e+00
-9.098957352717895741e-01,3.347254745320934477e-01
-7.747349495399442620e-01,5.763560919318305720e-01
-1.995415047635030081e+00,-2.453414087950304356e+00
-4.703916286576659722e+00,1.164655948720362932e+00
8.231996214685874946e-01,-1.524633222313361181e+00
2.024013345205078362e+00,3.274953223775524114e-01
1.986161832183641618e+00,-1.809956284346020960e-01
-1.726284110921413095e+00,1.862849482994319850e+00
-6.223178321491213971e-01,-1.423939149213904187e+00
4.003054393263983712e+00,6.070497299552121140e-01
1.377032422195456185e+00,-1.165684856857018836e+00
1.545301604053459787e-01,1.446940096819506749e-01
3.293639408248542733e+00,-1.177380525336936934e+00
1.744833950550969681e-01,6.753471585347951001e-01
-2.961148624309994037e+00,-1.119193081109364774e-01
1.994672349681252621e+00,-9.160834218515637173e-02
-2.622433925165098545e-01,-1.278189695485968613e+00
-1.028298834744500789e+00,-2.325067242131396428e-01
-1.062194309480791299e+00,-3.554246810035584403e+00
7.237197530722199179e-01,-1.468805533266713814e+00
1.623819302462024439e+00,-3.368176932487645825e+00
-5.817535360951321399e-01,4.050753471484186186e+00
-2.448526688725785494e+00,-1.426389791464380385e+00
-8.989044757687958409e-01,-9.232078409345044756e-01
-1.045724484104870289e+00,-1.172624595030686279e-01
-2.115126389561856168e+00,2.202422351261553946e+00
-2.431737747772071856e+00,1.503447325288771230e+00
1.317047102162941741e+00,-3.503605134755307660e+00
1.571423292609014588e+00,1.203796804517993424e+00
-2.170459429009570784e-01,-1.564466711083529749e+00
-4.991832345548243843e-01,6.032940340361041542e-01
2.489902077865662200e+00,-3.093081233309830314e+00
7.668415433819446569e-01,4.652199862110575346e+00
-5.925795065107994919e-01,7.194602165677995709e-01
3.837145389713894517e+00,-7.937649935539972113e-01
-3.010816695447479763e+00,6.745797160951454430e-01
8.446498369570339115e-02,2.618159090398450850e+00
1.907931916621794954e+00,-3.366341374146335941e+00
5.408605221603631774e-01,-3.189967343290912805e+00
2.533603761815721445e+00,-2.910452974511088975e+00
-2.668861885103634979e+00,-1.910061265329186853e+00
-1.252313479118083217e+00,2.319590341069363237e+00
1.549016759002467936e+00,4.204600840622782165e+00
1.782684033888551900e-01,-5.412798474653487957e-02
1.782966205450675634e-02,-1.491907659440486089e+00
4.008437875495467040e+00,1.990129426038269589e-01
1.944173895620425530e+00,-3.823286464442094079e+00
3.891024170139838922e+00,-5.546519397627207582e-01
2.937418247192416398e+00,3.675500576302315192e+00
-1.606430196912103314e+00,1.486746266439419095e+00
-1.000146598892042160e+00,3.703974532633391714e-02
1.472708614370940250e+00,-3.695957362144399738e+00
-2.944454518570509549e+00,-8.727366767912636547e-03
-1.013625171922229118e+00,3.115743447375070030e-01
-3.531925201734359421e-01,2.464303862737760475e+00
-3.229135306443408293e+00,3.016992635146719337e+00
1.454555749469669534e-01,2.143826331453829726e-02
8.402664308676265348e-01,-3.378158832077028162e+00
-8.960862225807914028e-01,-6.992552601022342662e-01
3.801696382608464209e+00,-5.163148808413441371e-01
-1.941531759494323994e+00,-2.894815976038836336e+00
3.414076286392341064e+00,2.896309952596340942e+00
-1.013196399890662125e+00,-2.384621139768294262e-01
-2.621517557104054985e-01,6.577215910173064284e-01
1.749368546917754452e-01,4.726893916641505822e-02
-5.574518931450757053e-01,7.489830759207760646e-01
-9.915969717585799703e-01,-9.414444675080946290e-01
-1.880925884694638173e+00,2.170184414917324389e+00
1.410720994335547873e+00,-4.377274680516978655e+00
-2.953278397549486289e+00,-1.101953556633964659e+00
-9.604406506998304227e-01,-1.210432933936892663e+00
-9.344216162369088918e-01,-9.453473685725279907e-01
-2.421644032408047653e-01,6.534422361288143577e-01
1.254885508780057668e+00,-1.930062213093088230e+00
9.832793825233986096e-02,1.455895643007419360e-01
-1.843124641010394915e-02,9.840132057003344590e-01
2.028718070364417425e+00,3.836792805498400405e+00
-3.137998440975270587e+00,2.879142667081825646e+00
-9.954875819290052164e-01,-4.428016318615838470e-02
4.747373035111665529e-02,3.084201900353149561e+00
-2.996053823202037281e-01,-1.733094813398493139e+00
-3.957685888189456658e-01,3.765474474593278331e-01
1.410810283786444463e+00,-9.206534549809065604e-01
1.346672025161030239e+00,-1.218383119410010318e+00
-9.976317521712924075e-01,-6.437233871361390802e-01
-3.011409688035332266e+00,1.272127466071181767e-01
6.994504820068774276e-01,-3.448004448901518249e+00
-4.335131216340310623e+00,2.332954820415801045e+00
-2.071123362282490665e-01,6.385476923807561489e-01
2.574232442103972004e-03,-6.577947589894961311e-02
3.946669501669894942e+00,-7.994693522870195412e-01
-2.117173276496281620e+00,-2.868215225306081528e+00
-2.932631397064759060e+00,4.309638256256836386e-01
-2.475293085373117818e-01,8.815385260682964130e-01
-2.999902387762295231e+00,1.638489349128080808e-01
1.507428561040387693e+00,-1.199517557911988108e+00
6.963653802685647320e-03,2.783717695940919959e-02
-1.806333159383585185e+00,-2.078805240543257327e+00
1.901614856435480228e+00,-6.667418841263927920e-01
2.023349529585215301e+00,7.434804766529927722e-01
1.582322381494401589e-02,5.918148138799852465e-01
-1.819890453969039479e+00,3.679180117580583165e+00
3.392486623920544009e+00,-1.659798363514283448e+00
1.665037820309581251e+00,1.363566874794728934e+00
1.375556969683169872e-01,4.946092055874040661e-03
-2.530055317084328181e-01,9.191249031610919662e-01
1.089620390473835965e+00,-1.419170557410423195e+00
1.595055793600008431e-01,5.548860121231080633e-02
-4.957266442026905473e+00,-1.198425205695352602e-02
-1.565963563294613836e+00,4.292827391681264260e+00
9.151378008640555228e-02,1.831526752168285699e-01
1.100230485003484526e+00,3.850188475270798438e+00
-2.557860793890718298e+00,1.158499214717458869e+00
-2.908609945298915811e+00,1.348168705396047273e-01
-7.923060030361196437e-01,5.421559934986254214e-01
-3.015831828575623152e+00,-5.080742970604178455e-01
1.032327284280718960e+00,-1.605545889075064458e+00
-5.337879733317003605e-01,2.875964909467608077e+00
-9.261998625937797325e-01,-8.665581411073304263e-01
-7.503547876859483212e-01,4.529421174959218921e-01
-1.046699002351593188e+00,2.794748302078969848e-02
1.385058283260667045e+00,2.030477443395362513e+00
7.889411438249821495e-02,2.165150569635557520e+00
-9.069424921184354726e-01,-1.022671785210726103e+00
8.484371962970886916e-01,3.869674459403270372e+00
3.562983505624653269e+00,-6.074844832472147127e-01
-1.995958149949084381e+00,1.951200164021411165e+00
-1.027932626682149797e+00,-1.074428733144990877e-01
4.012358798340825317e+00,1.484559888175995823e-02
-7.301957685527965536e-01,-1.333935689809246483e+00
-2.037490701053592979e+00,1.801050732855055792e+00
1.988526767752732960e+00,1.787938495311172382e-01
-2.384922033199984970e+00,1.823499094386258790e+00
-5.901160494203638862e-01,1.357822988489165716e-01
-9.609244151882763152e-01,1.455206210370557363e-01
3.991718333789338047e+00,-2.431901375765886386e-01
1.106176832120900899e+00,-3.168937242383700781e+00
2.813381003966717309e+00,-2.622214055974439351e+00
2.527874666686476868e+00,3.509727820614336746e+00
-4.680162465654616355e+00,1.516567958466208621e+00
9.079590587214843023e-01,-1.283554182862695958e+00
-8.860646312938273983e-01,1.201993328927020155e-01
1.657100176414317838e+00,1.479642211042692557e+00
-1.234301456556367693e+00,2.826229270526237070e+00
3.921688218287441519e+00,-8.244270322704005949e-01
-9.819365426665361829e-01,-3.914036401306534851e-01
-5.787917984780364122e-01,1.116200903757633700e+00
2.766383877989161633e+00,-2.904701610535501466e+00
1.635324302722871659e+00,-3.620465517173327097e+00
-2.557649421806434287e+00,-1.095799740381346643e+00
2.301907794793252471e+00,-2.855144329176721563e+00
-8.243261339599680104e-01,-2.738928450031009598e-01
-4.174201070474529374e+00,2.184814629682867437e+00
-9.960286837149147088e-01,2.298532316505398132e+00
1.711425668188437887e+00,4.466572503731080168e+00
-2.856294780927481902e+00,-1.077033983492851510e+00
6.813786040100392460e-01,2.644679900885796187e+00
-1.639932812184436706e-01,3.343294245134861287e-01
1.086276999510857322e-01,2.742076692540180161e-01
-2.956606229397996444e+00,-1.150440424647793280e+00
-6.265623380984383095e-01,-1.574916780614880940e+00
1.874961649023014543e+00,4.730772815374020279e-01
-4.265854853965628912e+00,3.373163700775524632e+00
1.687810832702155928e+00,-3.376159403488943500e+00
-4.705098604834737408e+00,1.570626484104999498e+00
-2.995640853979415041e+00,-1.337428576709313477e+00
-1.071685549220101397e+00,4.327240161572762922e+00
-1.087127721971691274e+00,-4.065292886370458270e+00
-1.517860506557744404e-01,-3.146377342636073049e-01
-1.223215543975682690e-01,3.737489269043436924e-02
-3.141829108046034769e-01,4.417885581975095732e+00
2.428311718454125412e+00,-2.670186017236804599e+00
-2.924170765492114743e+00,-1.133146122619675511e+00
-1.263107500200761013e+00,-3.630398226885600987e+00
-8.020452616938272827e-01,-1.607877917142650492e+00
2.021918005287346887e+00,1.309114693035650645e-01
6.925916485979055626e-02,-4.312214806550978552e-01
1.773660085135044251e-01,-5.285743561865151596e-01
2.524146248446634822e-01,-1.649644664866880994e+00
1.714534533817882123e+00,-3.346229754712508608e+00
3.578087666679625745e+00,1.475936100301900478e+00
-1.413895189918727702e-01,5.701464329643438633e-01
-9.705840693407805642e-01,-6.220303281294378150e-01
-6.294095708754366969e-01,2.012202785358081059e+00
3.699143082057177789e+00,-6.092035118623161383e-01
-3.016559713318085922e+00,-9.528446001859458558e-02
1.196552479091359089e+00,-3.613803643748600081e+00
-7.365969583651117425e-01,-3.385926416474799083e+00
-4.734022819762421008e+00,1.227541376588342503e+00
-3.021910262086990873e-01,2.875023638478247712e+00
-1.123482321539300610e+00,-3.706385149177777727e+00
-1.149764410567857720e+00,4.547525585211888988e+00
-7.913118488765837066e-02,2.487764838908961718e+00
2.666769079814123589e-01,-1.649178032226661150e+00
-2.315769138038672459e+00,3.307114112570074482e+00
2.634865790129839458e-01,2.382489678281894285e+00
2.022479012880213034e+00,-5.521246673803453797e-02
2.023761097653524743e+00,4.306597181352789239e-01
1.785538753294427239e-01,3.411857228472203740e-03
1.345692391810094923e+00,-1.517518737729522948e+00
-1.471044849760978490e-01,8.399409395440898818e-01
-1.433798040137717500e+00,2.325250843498522624e+00
-1.114707898631375205e+00,-3.117150934672245022e+00
-5.467751618299512839e-02,8.587511275816189782e-01
7.804052095869425110e-02,4.751784409567274103e+00
1.710694396028228648e-01,7.766283102359944346e-01
-5.399501539243879433e-01,-1.272704781477553393e+00
-3.024891984535907685e+00,2.924186021969095606e+00
1.397374789458042110e-01,5.318619389358413274e-01
7.162910313804834450e-01,-1.358931150483476014e+00
5.150337555698466518e-01,2.957421844774642317e+00
3.538635527044677875e+00,2.149825247284598451e+00
-3.960071433449287248e+00,2.338530324525109894e+00
9.826545084010762654e-02,-8.492682585719564525e-02
-6.227453785667103059e-01,5.295198866798358495e-01
2.016317080707594300e+00,2.705497462848360790e-01
1.964743399644634181e+00,7.616556635611478887e-01
-6.113896063230169764e-01,4.565722141765379827e-01
1.775725641397957744e-01,2.700534400637933929e-01
-1.212927165914007982e-01,-1.661305326685428296e+00
1.743705650846383570e-01,-5.542747049599463516e-01
-6.519756776376579577e-01,-1.686772513944532870e+00
1.613155500965931077e+00,-6.444537621661468041e-01
3.163157517789559225e+00,2.877581831909385990e+00
1.988172126527272932e+00,-5.172229815165705347e-01
1.211874607452357200e+00,1.779500596639126853e+00
1.050478401671161244e+00,-3.281753030411466376e+00
1.184906391861761499e+00,-4.851053819637926035e-01
-3.867865853425613842e-01,-1.685199985499008291e+00
3.957923587434380774e+00,1.247000890082079705e+00
-2.871529603516933093e+00,-1.285015423955457203e+00
-2.770700256960071606e+00,-1.446186806704788497e+00
1.608814478848817342e-01,5.977728992016754228e-01
1.671078920224225717e-01,1.481726446021673915e-01
1.707409715730353050e-01,-1.808827583221763735e-01
9.144039483072601004e-02,2.721688175465826198e-01
1.879309773394370664e+00,7.127364009783254684e-01
-2.683824355413905183e-01,4.432938765587816077e-01
6.190724338958394357e-01,1.854117415471504771e+00
-9.146650368555182542e-01,-1.091509621914014350e+00
1.906733719739361232e+00,-1.105316954604012247e+00
-1.033200065677676749e+00,-5.791551880414648190e-01
-1.795224246195285422e+00,-2.746960435605585005e+00
-2.779733415289390996e-01,5.159702952981449764e-01
2.195459429584616373e+00,3.850572174717486362e+00
-3.809300103917152125e+00,3.005627293936326883e+00
-4.597490272970239378e-01,1.169330089512280013e+00
9.844811446683156275e-02,2.360319471259300916e-01
-4.982418523904903473e+00,3.700879561704193965e-01
-1.408660578379679729e+00,2.219014562487878983e+00
1.469641346296256978e+00,1.972405893135043442e+00
3.641932658227021946e+00,-1.365325758635924647e+00
-1.488045796830486656e-01,-1.001710720941429544e+00
7.357100375810786685e-01,-4.035354292370915807e+00
1.569774329221430564e-01,6.585862712903244320e-01
1.182566868907984237e+00,-1.939499975613794280e+00
-7.783770763892899902e-01,1.176822758680671765e-01
-7.050851345857073182e-01,-3.644011350081355349e+00
-1.859930564346547577e+00,4.325346484606633624e+00
6.519397672863569415e-02,6.826355983710564734e-01
-4.005915501352352415e+00,3.261541781843314336e+00
-1.704474731030495294e+00,2.591427988969634999e+00
-2.398605484605882410e+00,1.837581488878898162e+00
3.841324934312013273e+00,1.014138165104644163e+00
-3.958383042410006381e-01,1.033390172310004518e+00
1.487070107643784778e-01,7.186061822237181929e-01
-2.045057885129005548e+00,2.193770842099554752e+00
2.006041678253652538e+00,8.310973206451516271e-01
1.951850191622233055e+00,3.005379665012904988e-01
-2.791651565753740627e+00,7.612831560055051128e-01
1.429807864998329237e+00,3.558493745641476913e+00
3.932963440412161837e+00,1.071555419492519645e+00
3.452469680616804815e-01,-7.464706460988339565e-01
8.608357023866928248e-01,-4.178059945058931746e-01
-2.422397825943474192e+00,-2.911971709202623160e+00
1.695668532572328635e-01,5.157656263322738521e-01
1.452028733156630891e-01,1.703967475352024419e+00
1.574953508851727246e+00,-1.402478314900132750e+00
-2.600589408423266136e+00,-1.311389217740974722e+00
-9.090259015195515380e-01,-7.154705715624845030e-01
5.462374859188046106e-01,2.209476709439591957e+00
-2.439571346623013379e-02,1.177855331938575389e+00
-9.126619003867914026e-01,4.228003330325155851e+00
-4.723234919802972442e-02,5.562008782813385732e-01
1.983336985466471303e+00,-3.097480197036342475e-01
-3.510637270202802140e-01,-8.943951950355207847e-01
6.557939797277064775e-01,-3.208065182274504323e+00
-3.724897174661701005e+00,3.787196296478391844e+00
-2.456149997036503052e+00,-2.112372765546222109e+00
3.356574117226385212e+00,-1.858734489107557009e+00
4.837318773556327778e-01,3.561385239301000816e+00
2.939416650943996512e+00,-2.829653746417033489e+00
-4.075393446879307935e-01,-3.155449326854576242e+00
3.534449520372276332e+00,2.437015201341740323e+00
3.903178460413230244e+00,1.161846411562214465e+00
-2.892015824783951139e+00,1.311183753041640809e+00
1.745377258799306330e-01,7.611684426661109448e-01
2.270872480025527995e+00,3.740958747148073638e+00
1.991190361590575719e+00,-8.703611300916043458e-02
-5.614689295913515288e-01,-1.181558487890183695e+00
-1.579667862164763292e+00,-3.094432977199937707e+00
1.533942478619306493e-01,1.353187045973092417e-01
-2.785446500579792595e+00,-1.007440400008147163e+00
-1.750761740616024187e-01,1.121578310609382623e+00
-1.876536981112326141e-01,-1.437154622715865804e+00
2.976733937334851213e-02,1.035043881525817389e+00
1.813455274091642089e+00,9.150410864346245621e-01
3.955844700030937577e+00,-1.053153916361183384e+00
-9.391234512575731275e-01,-4.346414181104054641e-01
-2.272612694521861432e+00,3.617393906730962172e+00
-2.826828025922475174e+00,-1.657634817725779808e+00
3.388724603177745820e+00,2.404959861114277953e+00
3.982604812956553442e+00,8.590941663353547364e-01
-2.546666719472727269e+00,8.605623262281576480e-01
1.690360290562317624e+00,-8.673262105066148475e-02
3.127285980154951961e+00,3.706814595537625046e+00
-1.249940791760665082e+00,2.463308238919857285e+00
1.047381968951552333e-01,2.811454048734919997e+00
-8.606448552476172464e-01,4.451976202126506355e-01
3.916162101218196301e-01,2.759394676330654050e+00
3.689165442146595808e+00,-1.498645838566452726e+00
-8.120543832241379212e-01,1.559524926533978118e+00
1.605935761035219400e+00,1.034995114628071144e+00
-2.820032092173653471e+00,-1.546115575086756788e+00
1.724867457873456411e+00,-6.457252722978197301e-01
-9.734253672023638337e-01,2.785446530782623942e+00
-5.467382050571294172e-02,4.804481769658572432e+00
-1.046301060962487206e+00,2.934052824751030020e-01
3.844604485828390761e+00,1.427105388131919117e+00
-5.587092967750975081e-01,8.464001816678209389e-01
1.354536344806550885e-01,3.415628166590646275e-01
-9.636349211824156713e-01,2.666964014875332190e+00
-8.985559824712578969e-01,-6.525516520784935270e-01
-8.845655342993107295e-01,-3.876950779268009684e-02
-3.962048275140478415e-01,-1.617490081786832956e+00
-5.441069897062810190e-01,5.797081102767251970e-01
-4.393548125810649907e+00,2.388165102542326057e+00
9.118038820905320918e-01,-3.248117406713501243e+00
3.630810945734926687e+00,2.108597125831240149e+00
1.196349972720847366e-01,2.274933468855115382e-01
3.899447707228027582e+00,-2.731495398610395142e-01
-9.467271423921500562e-01,-1.110968946112606215e+00
-9.780674776440023699e-01,-6.588616042609728440e-01
3.976890320274527046e-01,2.379317827690315301e+00
-3.391509570592084355e+00,3.938560608354401804e+00
-1.010066080211840633e+00,1.080146543745386101e-02
3.299090416148695581e+00,-2.125372034389949594e+00
2.721490198808066210e-02,5.539195091052192543e-01
9.683497645073757543e-01,1.839793692455173879e+00
4.979263752524555331e-01,3.900496871319929948e+00
4.603769041450269522e-02,5.100557169189041604e-03
1.572004495533998014e+00,-6.592099133486291063e-01
-2.135770872590796010e+00,-2.224623261440812350e+00
1.603993245211348340e+00,-1.139372901969224472e+00
2.552715819769477257e+00,-2.678669196428452803e+00
-3.424611197024208131e+00,3.193055659230993992e+00
-9.886916325052300669e-01,2.765079334696981306e+00
-8.001673000467819374e-01,2.518933027534561386e+00
-4.373014467373208092e+00,2.083401914535621291e+00
1.823876778352395478e+00,-5.205243291556630458e-01
1.054841554528578085e+00,-3.101318219055371639e+00
1.240302696172883135e+00,1.995767795277405998e+00
-2.548686201408520979e-01,9.653666938968878952e-01
3.994104554330341283e+00,3.418312933870595316e-01
-8.111133336623606027e-01,-4.832538260430959687e-01
-9.428187308164852620e-01,-2.226525592409361876e-01
-4.718068795581006891e-02,-2.195745577700753071e+00
1.964585342867865458e+00,-4.924146914726484914e-01
-7.840828090273002093e-01,1.205946877587538602e+00
1.768814203874996827e-01,2.094814588714830617e-01
6.281775580250066326e-01,-1.722110714101986684e+00
3.732423575727913168e+00,-6.251623751549413299e-01
-2.199307806085899042e+00,4.386935045446755055e+00
1.748262001421136969e+00,3.766912063328760496e+00
2.796745581335053910e-01,-2.013648175813060881e+00
3.929054031205701403e+00,-8.603303171523171144e-01
1.130425961813354085e+00,2.499432611791315484e+00
1.247175427748432050e-03,1.300461830172178201e-01
1.783713629302792758e-01,7.374485070450093049e-02
1.748292551474578127e-01,-2.286011931324167801e-01
-3.245532642451030153e-02,-1.681199229059018752e+00
-4.302564932996588709e+00,1.652256656987945771e+00
1.875308971298237370e+00,1.694731145870453926e+00
-1.099472840507337512e+00,-2.638260101244173317e+00
2.003790707082270472e+00,3.417087548022103571e-01
1.802096168389066611e+00,7.473752336683123776e-01
-1.781452526280546067e+00,-3.298175123824377497e+00
8.797095140989712458e-01,3.832027751524355708e+00
1.697320855558203112e-01,1.830113616753008821e-01
2.964817988332251603e-02,5.091969098200527233e-01
1.592946099681120220e+00,-1.119689135703276328e+00
1.722716540920411418e-02,-7.226973918468112545e-01
1.930103057411104217e+00,7.544262085540907048e-01
-5.051652228361701580e-01,7.119751482269451870e-01
-3.381793952576082951e+00,3.064866928340113983e+00
-2.656680148182073875e+00,-2.232112990064255786e+00
-4.799208742708652942e+00,9.148706275460726234e-01
3.549094508107545565e+00,-1.270002596427648900e+00
6.318256119766657575e-02,6.308192769191978133e-03
2.055090017550887660e-01,2.584477884250532487e+00
-9.220372902738126486e-01,-1.900631293122112542e-02
-2.468177690865253071e-01,9.858723534109747888e-01
5.286417831290206315e-02,1.193508343967926599e+00
1.289709740619991996e-01,5.619667104572059202e-01
3.332129809644404528e+00,3.249517280574853118e+00
1.666339420931073345e+00,-3.686094084822466588e+00
7.749476947866922316e-01,-1.921320726711754023e+00
9.838113241806919484e-01,-3.777431014440435053e+00
1.489244720114559550e+00,-3.775105293508164817e+00
1.969660047293340988e+00,-4.335969739597391737e-01
-2.830228866922181119e+00,-1.647004241871542485e+00
2.953001705148745187e-02,2.728249478975669273e+00
-1.016578219958611751e+00,-5.842633659253757550e-01
1.921337196103771516e+00,9.650603843918261759e-01
1.317728969881971857e+00,-6.945440538573232070e-01
8.006169229925296296e-03,1.133250490296030949e-01
3.848625076733635630e+00,-7.286518891888270621e-01
-4.769204248317296391e-01,-9.344445129789367144e-01
1.785918299187408131e-01,7.288486732811405577e-03
-4.110109172867840499e+00,2.700639109967086782e+00
-6.484276856324773242e-01,8.137690278334872573e-01
3.199487839667411126e+00,2.588656345305014206e+00
3.757677928535134437e-02,4.756195477024423468e+00
1.319357550225012332e+00,2.220276816699450873e+00
1.446765091787392210e+00,4.362742463062313725e+00
-4.615999490537919803e-01,-1.048244561742594394e+00
-2.998226032955164655e+00,-4.164898600553150476e-02
-6.539367077215908486e-01,-7.780444638610686248e-01
1.004582719194154539e+00,2.302520123117981488e+00
1.021331951655985559e+00,1.532120959680201011e+00
-9.747976333907106827e-01,1.017252797825063393e-01
-3.567945572872623927e-01,7.543729685775483196e-01
3.635420057188386567e-01,-1.879012338290577677e+00
1.019659628961700759e-01,1.802326500382912255e-01
4.730631592936678648e-02,-1.148354920942427637e-01
4.298478679359831189e-01,-1.487816758663409233e+00
-1.037698889092148802e+00,-3.628649292561514361e-01
1.307663656634942828e-01,2.508430168273906302e-01
-4.687081236018618147e-01,-1.373791662418639481e+00
-9.320387085328459831e-01,7.042148634689668896e-01
1.435111027560668884e+00,2.348827699725577034e+00
1.704591014514192482e+00,-6.804796530368638630e-01
-2.891297757632206089e+00,-1.172792313804203790e+00
4.381750058522708435e-02,-4.890325410624918878e-01
1.970625785178004019e+00,-3.340186847083098876e+00
-8.188813916584507524e-01,-1.141046533136145014e+00
-3.796142975707377798e-01,2.701649065097549984e-01
3.372024789819180052e-02,1.158606542547110818e+00
1.101404042911353853e+00,-3.101875215277405395e+00
-9.228881410474472358e-02,2.188122144353186194e+00
-4.413617850387220543e+00,1.294710521579001572e+00
2.155011474700623542e-01,4.202458941135994053e+00
-1.535295854023395856e+00,2.559056363673140044e+00
1.599734070013939524e-01,-1.468172364222430026e+00
1.501900216928253040e-01,3.202629182123518242e-02
2.424087832389295871e-01,-6.905555821096174274e-01
1.596852250577304733e-01,3.906581555338850542e-02
2.406288033504484947e+00,-3.449478818721552376e+00
-2.406927092153091863e+00,1.079523919955627020e+00
-1.584488367634348416e+00,-2.606981874568615520e+00
-2.960581011684773500e+00,3.672653087332561350e-02
1.031935217268628691e+00,2.491037757892992754e+00
1.796846488975255979e-02,2.120358580333999154e-01
-1.963658113846267650e+00,-2.395828867472034496e+00
1.580499049908501430e-01,-1.935534256434630285e+00
-2.149325867804674217e-01,7.683331974940637021e-01
1.405646235885434255e-02,4.174944388107628135e-01
-4.706665267075769987e-02,8.795779372583268918e-01
1.876407235381412741e+00,-1.107740330525974759e-01
-1.382619038069044626e+00,2.094359144369895454e+00
1.297429018677715151e-01,4.871394688630239361e-02
-1.029626955649864950e+00,-8.149886830274389871e-01
-2.329346465046760184e-01,4.949870001144825449e-01
-4.677036024004689874e-01,8.097937987119312453e-01
2.988539277609073008e-01,2.507836885196430998e+00
-9.039491423448671181e-01,4.979140959627234686e+00
-6.256078283613382141e-01,4.776821712232184325e-01
8.817375236671140537e-02,4.528560579003369779e-02
3.827469110042030387e+00,1.274620520132686563e+00
-8.655399753588066680e-01,8.003855637766448261e-01
1.979881604287907715e+00,1.538981941566917255e+00
-1.255789400782437504e+00,-3.169160768781204229e+00
-6.741502844243008052e-01,7.386354581023353294e-01
-1.603869470511742890e-01,2.065824934227657561e+00
7.458924653492268186e-01,-2.790227402932655920e+00
6.888680564854149369e-02,-2.570385860292045965e-01
1.523735899037342856e-01,-5.567841445564339353e-02
-1.029369705117040068e+00,-9.268237418698921370e-01
-3.732143168369597142e-01,-1.031270009360702788e+00
1.722422177927342091e+00,-4.435941109302462548e-01
-2.131518330894198510e+00,1.597127006753698453e+00
8.572686998254702706e-02,1.153184048447901233e+00
1.990442322375652662e+00,-2.456885132480738365e-01
1.997990208396740908e+00,1.081919233592594898e+00
2.022234290435502846e+00,2.996073916281117300e-01
-8.705092096506058530e-01,2.872171796286122070e-01
3.954779038528211998e+00,1.221586938244405562e+00
-3.323431832643173767e+00,3.122537419821846072e+00
-2.437890909257849792e+00,4.242253098622625451e+00
-7.038997338094082901e-01,5.153578256899848942e-01
-4.989704029892640946e+00,-4.599310408313623255e-01
1.466691968080387154e+00,2.072884259772793225e+00
1.903664620102451854e+00,-6.566517345449045528e-01
-2.911648078003870599e-01,8.001353805359688875e-01
-1.629533858599850005e+00,2.009239518806653191e+00
-8.828423154056729283e-01,-6.909380367166095827e-02
2.002367865196148955e+00,8.161418607833590411e-01
1.776739250381423052e-01,-4.703495492339762607e-02
-8.907635386840352387e-01,2.797277249820928624e-01
-9.123339283698478352e-01,-3.357892963684203647e-01
1.059662746373150333e-01,-1.488884042735638680e+00
-9.947434741433310856e-01,2.302751106345442000e+00
1.060200991181861285e+00,1.608431004124053487e+00
2.947556850546666940e+00,2.751343280115905010e+00
1.702340773172366983e+00,7.453998289684040657e-01
1.256749732247589568e-01,-2.387132460884998086e-01
-4.945392589858847998e+00,2.948132356029091738e-01
-8.977712071592278686e-01,-3.461361533559516590e-01
2.969673181230791492e+00,-1.992168999807221397e+00
-2.823589401091544659e-01,-1.921704204932107363e+00
3.812743969491415807e+00,-9.579685126289896324e-01
6.698446099470279913e-01,-2.166257288932332159e+00
6.322308464072476930e-01,2.731659155596611210e+00
1.816668974174278084e+00,-2.995767156706408141e+00
4.011869294749562442e+00,-1.841216342671572748e-02
2.076925351043358015e-01,-1.519080776619546214e+00
-2.620125521393713158e-02,2.735018598399156620e+00
-1.626265498001734144e+00,1.891724007032696386e+00
9.565371128399758893e-01,-1.364083295820463171e+00
1.716426541801596928e+00,-6.740720496270922180e-01
3.348683458876569041e+00,2.204745957787518140e+00
-1.032331240870207445e+00,-1.833919296627997131e-01
-7.587992484616457034e-01,9.884013941042569806e-01
3.606348701541590707e-01,-1.630275950598886414e+00
-8.554934124659059613e-02,-1.272785634971961954e+00
2.386821439622528906e+00,3.184401813489321054e+00
6.474033572197359643e-01,4.433613770117445618e+00
1.063639534359587246e+00,-7.224194867845507018e-01
1.724358274781025768e+00,-1.151485007553742168e+00
-2.431806923514860108e-01,-1.432886365444354659e+00
-4.078586999224198095e+00,2.012379996044779684e+00
-1.128913986402084513e+00,-3.553867461116931636e+00
-4.661199083873654558e+00,1.416849112561364921e+00
8.390411662442694984e-01,-3.194781893616897239e+00
3.991238681053888460e+00,6.813645330442840153e-01
-1.036306139369069346e+00,-9.798872853958529028e-01
1.685432085773276023e-01,-8.351293891621808241e-02
1.701504831502459236e+00,-3.076366126410199353e+00
1.301780006260214950e+00,-3.913028532451560793e+00
-6.208533666437729970e-01,7.423569886936453033e-01
1.410424685859100302e+00,1.515201962657686696e+00
-2.504401023221014988e+00,1.201534267681830803e+00
7.984852112752782727e-01,1.975844334034686511e+00
-4.908005523897819300e-01,-1.318606580273386619e+00
1.898641739044985455e+00,-1.203309586643521278e+00
1.749649919891912708e-01,-1.152823336780997854e-01
1.618478398784428118e-01,2.275783815266493870e-01
1.695262987690853707e-01,-4.706672173364515599e-01
-4.442548213666547952e+00,1.889717017871792581e+00
-1.671779831569323305e-01,3.074476414151754877e+00
-2.838103376571600833e+00,7.284251012661957514e-01
3.565434188300784069e+00,2.056748516713942987e+00
-1.025583052107644777e+00,-5.668421668687076975e-01
9.968190143435804451e-01,-1.036252356323468016e+00
9.822966529213423836e-01,2.007831877569134615e+00
-4.587993497471456905e+00,2.258820238496741517e+00
-4.723983550325819181e+00,2.000125718222893312e+00
-1.458589357050446011e-01,4.819446682649033420e-01
-1.537113163200279020e+00,4.473863531757794831e+00
-5.285633113187780951e-01,-3.769970376753502883e+00
-1.722473049053623029e-01,4.186160875771227197e+00
-1.105112452600005568e-01,-3.005914485563559335e+00
6.064484399956924232e-01,-1.852512842036798668e+00
-5.488185809676652260e-01,-3.545437043918511222e+00
9.834414281158829207e-02,-3.572137752995585558e-02
1.912829604014797846e+00,-1.983694571035626297e-01
-8.369621471835095305e-02,3.927061658591496585e+00
-5.020232992040510878e-01,7.399374047882982808e-01
-2.728940771304175783e+00,4.219962926919190949e+00
-5.848528779642934161e-01,2.025955883922769818e-01
-4.048183279210680219e+00,1.732827351955400941e+00
2.946647088125547764e+00,-1.956900810603663388e+00
-1.016480832000020929e+00,6.835749529208117181e-01
1.410777774005257112e-01,2.720623517012291659e-01
-2.494424505196870090e+00,1.999279010814364543e+00
1.082293029356003362e-02,-1.466692094183049411e-01
-3.378721091812962596e-02,-3.475586375671428918e-01
3.894956412315335736e-01,-1.269507603130961337e+00
7.774516500614686576e-02,2.779241572366041080e+00
-2.844196047068155320e+00,-2.186522877425204126e+00
3.606037770586865587e+00,2.084908589607567198e+00
-2.218891652997087238e+00,-2.558213647477855179e+00
-1.924080281359837885e+00,-2.928373767684601336e+00
-7.267346176996447582e-01,3.795303196839137083e-01
2.053699023990192885e+00,-3.187955935167558597e+00
1.786025094763171728e-01,7.331048349706209555e-02
-2.015564081494161941e-01,-1.937425580084768395e-01
-4.622699495519288604e+00,1.127796862530060285e+00
-3.518892617670976719e+00,2.445299049684973358e+00
1.265163694726382460e+00,-1.462836697624059656e+00
-9.310104883843957069e-01,-1.942679310238207280e-02
3.243185124527512730e+00,-1.270036564990860040e+00
-2.222677184541981710e+00,1.754152965092572236e+00
-7.929680360607185285e-01,-6.336614147087469284e-01
3.979122899972477256e+00,1.324327855055356107e+00
-8.943361586418937526e-01,-2.706846235885029373e+00
3.558648539908555897e+00,-1.614071064585483661e+00
-1.203402702961569801e-02,8.437805562333459131e-01
-1.627224065812272080e+00,1.433478409866943526e+00
-7.100572350762581753e-01,1.896638501001423283e+00
-1.725441293092640160e+00,2.542711527114055681e+00
1.808602209383662673e+00,1.710707214810453181e+00
1.991258302313994699e+00,1.983611813654119205e-01
-4.808156554691844775e-01,2.678550353165853881e+00
-6.080940357701510868e-01,8.446554837633497570e-01
9.043082298565151556e-01,4.199229983198081051e+00
-1.198548069993321086e+00,2.227522964719759191e+00
1.976962466161061194e+00,-3.049858420854494323e+00
1.905081708471439317e+00,-3.516231440591497392e+00
-3.003494184360866015e+00,-6.057557910014729208e-01
-3.010832381096041122e+00,-4.692728473607074013e-01
-2.918000664251203080e+00,6.248479251347416330e-01
-2.967684547273688800e+00,4.346951155694424029e-01
-6.671818155150925911e-01,-7.428764587220303417e-01
3.886141726096083104e+00,-1.868260397378656013e+00
